id,fname,lname,DOB,ss,street,postal_code,city,state
1,Lois,Perry,5/6/1934,173-27-3211,2 Arkansas Point,99599,Anchorage,AK
2,Todd,Kim,7/1/1948,591-76-6009,81 Maywood Plaza,93704,Fresno,CA
3,Sharon,Perez,4/7/2000,720-80-2564,92795 Killdeer Plaza,43231,Columbus,OH
4,Christopher,Duncan,4/16/1973,142-33-3622,5 Annamark Road,15210,Pittsburgh,PA
5,Amanda,Gibson,7/9/1999,685-78-7113,9403 Grasskamp Alley,70187,New Orleans,LA
6,Thomas,Williamson,7/30/1966,330-91-0444,832 Bultman Point,90076,Los Angeles,CA
7,Frank,Ellis,5/22/1965,888-56-0946,1 Monterey Way,63131,Saint Louis,MO
8,Barbara,Mason,6/29/1929,176-46-5149,89652 Arrowood Pass,91210,Glendale,CA
9,Tammy,Reynolds,10/10/1982,675-03-7780,0 Vera Junction,95210,Stockton,CA
10,Adam,Jordan,6/26/2012,912-59-1397,0135 Reinke Hill,79699,Abilene,TX
11,Victor,Bennett,3/27/1943,162-20-1234,661 Melby Park,75236,Dallas,TX
12,Jacqueline,Long,12/8/1924,253-81-2797,38221 Algoma Plaza,88558,El Paso,TX
13,Judy,Bailey,11/2/1943,495-41-8636,5 Clove Hill,99512,Anchorage,AK
14,Stephen,Greene,1/5/1978,440-94-7736,7 Stuart Hill,40293,Louisville,KY
15,John,Hunt,8/8/1975,859-96-1436,09 Blue Bill Park Parkway,20525,Washington,DC
16,Joe,Carroll,3/11/1973,545-22-8347,90 Vermont Point,76178,Fort Worth,TX
17,Samuel,Allen,6/11/1945,131-72-8011,6 Golf Course Hill,20530,Washington,DC
18,Sean,Lewis,1/31/1979,832-20-3888,475 Heffernan Road,33175,Miami,FL
19,Dennis,Peters,12/8/1998,343-82-4917,93789 Autumn Leaf Drive,79605,Abilene,TX
20,Roy,Sullivan,4/18/1928,483-35-8738,5199 Colorado Court,64125,Kansas City,MO
21,Carolyn,Fuller,3/25/1981,176-19-9067,1993 Burning Wood Point,53785,Madison,WI
22,Steven,Morgan,2/29/1932,941-88-3031,75884 Homewood Parkway,78296,San Antonio,TX
23,Nancy,Moore,1/8/1947,745-50-3853,5307 Esker Alley,90005,Los Angeles,CA
24,Frances,Wagner,2/8/1993,575-33-4760,34844 David Hill,70116,New Orleans,LA
25,Antonio,Kelley,9/30/1968,320-12-0701,162 Bartelt Hill,44118,Cleveland,OH
26,Scott,Andrews,3/2/1962,449-93-7719,8043 Westport Place,36177,Montgomery,AL
27,Keith,Bryant,2/21/1948,666-82-4516,46 Hagan Crossing,45233,Cincinnati,OH
28,Marie,Myers,7/27/1982,236-27-0586,89102 Arizona Hill,79968,El Paso,TX
29,Helen,Scott,7/15/1916,541-60-9511,65 Birchwood Road,92612,Irvine,CA
30,Samuel,Schmidt,1/12/1998,656-50-5220,403 Norway Maple Center,80217,Denver,CO
31,Brian,Walker,2/13/1957,198-74-1226,81 Main Center,94705,Berkeley,CA
32,Arthur,Adams,10/8/1981,489-95-1947,359 Harper Junction,44315,Akron,OH
33,Joyce,Knight,9/29/1929,753-50-7312,77 Reinke Terrace,60674,Chicago,IL
34,Roger,Lopez,12/20/1929,374-95-5170,66635 Carey Road,92186,San Diego,CA
35,Russell,Stanley,9/4/1934,694-96-3870,28 Buell Pass,08619,Trenton,NJ
36,Barbara,Hicks,8/14/1975,182-25-3683,2233 Spenser Way,45208,Cincinnati,OH
37,Rose,Ford,11/11/1966,940-48-1694,041 Independence Park,92013,Carlsbad,CA
38,Kenneth,Cook,8/31/2011,984-91-0758,63411 Cherokee Terrace,78225,San Antonio,TX
39,Christina,Pierce,8/2/1938,487-37-4457,6 4th Crossing,33411,West Palm Beach,FL
40,Kelly,Howard,11/16/2001,865-78-6684,7654 Shelley Lane,84170,Salt Lake City,UT
41,Beverly,Harvey,1/13/2004,904-68-3823,9065 Alpine Pass,62776,Springfield,IL
42,Evelyn,Powell,6/7/1940,335-58-2423,01 Oakridge Plaza,27710,Durham,NC
43,Helen,Stone,7/3/1985,351-80-9602,7686 Ridgeview Way,23436,Suffolk,VA
44,Brian,Ray,2/9/1929,650-87-9885,3 Transport Place,08104,Camden,NJ
45,Deborah,Morgan,6/5/1918,607-98-4617,840 Bluejay Lane,33196,Miami,FL
46,Amy,Scott,2/23/1974,362-71-3606,2 Lyons Pass,46825,Fort Wayne,IN
47,Deborah,Johnston,3/9/1922,162-58-2929,52296 Donald Parkway,89714,Carson City,NV
48,Julie,Washington,1/25/1933,984-87-5776,2 Hansons Road,39705,Columbus,MS
49,Fred,Kelley,8/1/2006,652-44-1895,5 Artisan Terrace,77713,Beaumont,TX
50,Evelyn,Crawford,2/20/1944,515-55-6225,38849 Fisk Point,91411,Van Nuys,CA
51,Angela,Montgomery,4/21/1950,431-65-8989,38 Talisman Court,68164,Omaha,NE
52,Roy,Burns,9/2/1955,662-95-7694,6 Sunnyside Drive,02163,Boston,MA
53,Marie,Carroll,6/10/1986,188-13-6205,3420 Pleasure Pass,94263,Sacramento,CA
54,Terry,Boyd,9/30/2003,586-55-2950,7 Jana Street,03804,Portsmouth,NH
55,Joyce,Lane,5/4/1961,662-32-0199,07160 Truax Terrace,70154,New Orleans,LA
56,Kenneth,Cooper,6/20/1994,751-34-4435,1411 Duke Road,90081,Los Angeles,CA
57,Willie,Lawrence,6/27/1956,235-33-5012,69310 Springview Hill,78285,San Antonio,TX
58,Todd,Duncan,11/26/1927,759-88-3495,8847 Elgar Road,92662,Newport Beach,CA
59,Amy,Sanchez,3/24/1942,648-92-9181,65941 Little Fleur Place,94177,San Francisco,CA
60,Jennifer,Romero,2/8/1959,334-33-8074,28469 Shoshone Crossing,53710,Madison,WI
61,Karen,Davis,1/7/1929,579-16-6010,04976 Fair Oaks Lane,79182,Amarillo,TX
62,Pamela,Castillo,8/30/1958,771-78-4067,75 Nova Pass,91199,Pasadena,CA
63,Catherine,Martinez,12/23/2010,532-24-1350,864 Fairview Park,24024,Roanoke,VA
64,Nicole,Daniels,6/27/1948,286-39-8556,4 Fallview Point,30351,Atlanta,GA
65,Russell,Brown,7/21/1995,964-37-3661,814 Vidon Street,46278,Indianapolis,IN
66,Justin,Lee,5/22/2015,224-07-9869,8772 Kinsman Circle,93726,Fresno,CA
67,Rachel,Banks,3/12/1924,691-23-2057,45665 Brown Circle,22212,Arlington,VA
68,Theresa,Harris,1/9/1973,877-13-7481,37343 Iowa Drive,15240,Pittsburgh,PA
69,Donna,Berry,1/4/1976,231-03-1442,81 Hanson Plaza,46202,Indianapolis,IN
70,Doris,Woods,8/3/1945,799-87-0224,516 Donald Avenue,76305,Wichita Falls,TX
71,Thomas,Ray,4/4/1923,140-81-1438,6 Clemons Junction,27610,Raleigh,NC
72,Ruth,Murphy,5/12/1985,941-84-8943,51 Aberg Parkway,06905,Stamford,CT
73,George,Russell,5/13/1950,949-06-6505,05 Hansons Crossing,92812,Anaheim,CA
74,Nicholas,Hayes,9/5/1958,618-58-5931,80 Drewry Circle,79699,Abilene,TX
75,Christine,Ferguson,9/22/1930,473-95-8553,5 Laurel Hill,22205,Arlington,VA
76,Johnny,Medina,4/15/1950,759-13-0228,74852 Starling Street,20709,Laurel,MD
77,Antonio,Sanchez,2/21/1950,442-91-2866,1 Reinke Avenue,33411,West Palm Beach,FL
78,Jacqueline,Andrews,5/1/1982,216-59-0617,395 Laurel Parkway,90605,Whittier,CA
79,Craig,Grant,9/2/2004,632-13-6084,7 Forest Dale Park,34981,Fort Pierce,FL
80,Gloria,Phillips,3/4/1965,691-26-1471,934 Orin Circle,89135,Las Vegas,NV
81,Andrea,Garcia,12/2/1975,776-72-1713,39489 Sugar Junction,77206,Houston,TX
82,Annie,Gordon,2/5/1940,743-27-4736,67 Coolidge Terrace,79188,Amarillo,TX
83,Michelle,Diaz,11/7/1922,967-63-6670,5610 Kedzie Point,48107,Ann Arbor,MI
84,Eugene,Phillips,6/30/1992,558-22-5263,1 Myrtle Way,77245,Houston,TX
85,Kenneth,Banks,1/30/1944,564-54-3143,27 Forest Dale Way,33913,Fort Myers,FL
86,Barbara,Knight,4/4/1972,904-84-0267,66 Manitowish Terrace,75226,Dallas,TX
87,Harold,Bradley,3/27/1994,606-47-2100,66405 Independence Circle,77030,Houston,TX
88,Heather,Smith,11/17/1934,941-53-9975,68143 Superior Terrace,48224,Detroit,MI
89,Phyllis,Johnston,5/10/1999,213-35-8896,734 Becker Street,15235,Pittsburgh,PA
90,Shawn,Schmidt,6/28/1955,262-66-7618,797 Merchant Junction,70149,New Orleans,LA
91,Jose,Morales,4/9/2008,782-97-6209,67958 Dovetail Road,98498,Lakewood,WA
92,Patricia,Lane,1/26/1968,646-75-7586,9915 Ridgeway Point,19093,Philadelphia,PA
93,Laura,Greene,10/5/1959,859-09-8025,18140 Oak Valley Avenue,33147,Miami,FL
94,Arthur,Cole,1/9/1967,499-37-4548,7 Luster Street,97216,Portland,OR
95,Frank,Sullivan,3/18/1984,542-51-6674,10356 Melrose Street,71105,Shreveport,LA
96,Heather,Cole,12/26/1990,270-76-0817,10 Scott Hill,31119,Atlanta,GA
97,Carlos,Robinson,12/19/1978,813-03-7018,233 Surrey Pass,47306,Muncie,IN
98,Gerald,Taylor,10/25/2010,625-27-7716,33 Killdeer Place,30195,Duluth,GA
99,Rebecca,Knight,2/14/1929,735-06-6892,327 New Castle Parkway,26505,Morgantown,WV
100,Kelly,Palmer,4/2/2010,406-54-2184,368 Raven Avenue,02203,Boston,MA
101,Arthur,Rodriguez,10/30/1943,317-21-8273,6642 Commercial Pass,89145,Las Vegas,NV
102,Roger,Hill,6/25/1997,430-16-0993,679 Esch Street,74133,Tulsa,OK
103,Sharon,Williamson,5/8/1969,493-39-2634,109 Luster Plaza,21203,Baltimore,MD
104,Gary,Bryant,5/2/1983,595-66-5964,67 Alpine Park,23509,Norfolk,VA
105,Tammy,Montgomery,7/20/1996,286-28-3870,69 American Ash Drive,66629,Topeka,KS
106,Pamela,Montgomery,3/19/1997,318-49-9199,1 Fremont Pass,94116,San Francisco,CA
107,Gloria,Medina,11/6/1922,791-75-6470,7322 Donald Pass,10155,New York City,NY
108,Pamela,Ryan,6/30/1953,583-30-0927,01 Starling Center,61640,Peoria,IL
109,Sean,Fox,10/3/1988,131-47-7686,4 Harbort Lane,10029,New York City,NY
110,Phyllis,Hunter,3/23/1976,860-48-3897,94872 Ludington Street,20051,Washington,DC
111,Michael,Jordan,2/13/1921,630-37-8938,6860 Bobwhite Lane,31106,Atlanta,GA
112,Jack,Little,9/27/1958,342-47-7201,26706 Reindahl Center,24024,Roanoke,VA
113,Debra,Warren,3/8/1958,629-02-5261,04 Mifflin Lane,28284,Charlotte,NC
114,Kelly,Murphy,12/8/1958,446-45-6929,2015 Commercial Avenue,79182,Amarillo,TX
115,John,Freeman,4/8/1936,618-56-4470,17019 Buhler Drive,30033,Decatur,GA
116,Lawrence,Berry,10/3/1918,635-86-9703,4175 Fisk Circle,44185,Cleveland,OH
117,Alice,Montgomery,5/18/1961,242-72-4423,877 Everett Alley,87140,Albuquerque,NM
118,Charles,Taylor,12/20/1999,403-40-2231,9 Larry Trail,19725,Newark,DE
119,Bonnie,Burton,9/10/1945,289-76-0888,5 Monument Court,38131,Memphis,TN
120,Marie,Allen,4/23/1923,224-37-8487,4124 Hoard Parkway,72905,Fort Smith,AR
121,Eric,Robertson,3/26/2011,851-50-1723,75993 Miller Alley,46614,South Bend,IN
122,David,Duncan,10/4/1995,816-56-0912,5 Southridge Way,27455,Greensboro,NC
123,Ralph,Burns,10/21/1917,148-14-0273,94364 Hoffman Road,85040,Phoenix,AZ
124,Benjamin,Rose,4/13/1940,860-59-5502,32 Ronald Regan Trail,14215,Buffalo,NY
125,Emily,Kelly,1/7/1966,515-36-6489,25935 Thierer Terrace,88558,El Paso,TX
126,Frances,Reed,11/8/1990,101-29-6769,60306 Artisan Lane,20215,Washington,DC
127,Tina,Boyd,6/20/1979,715-99-4378,4966 Elgar Lane,45490,Dayton,OH
128,Beverly,Bailey,12/13/1965,746-95-0686,34 Graedel Trail,95298,Stockton,CA
129,Harold,Russell,6/1/1946,112-67-8537,229 Barnett Street,76905,San Angelo,TX
130,Carl,Pierce,1/29/1935,581-71-4463,6132 Division Center,91606,North Hollywood,CA
131,Paul,Sullivan,7/6/1962,928-79-4200,8 8th Plaza,06105,Hartford,CT
132,Andrew,Bowman,7/23/1946,399-11-8147,776 Grayhawk Junction,93750,Fresno,CA
133,Sharon,Hicks,2/27/1942,148-04-9315,1411 Maple Wood Center,02119,Boston,MA
134,Harold,Carr,8/4/1949,994-85-4768,769 Nevada Alley,98166,Seattle,WA
135,Johnny,Brown,8/29/1923,833-44-3709,6346 Golf Place,74116,Tulsa,OK
136,Shirley,Rivera,12/6/1943,856-03-0288,0350 Cascade Plaza,32230,Jacksonville,FL
137,Laura,Rose,2/9/1931,532-10-8159,81611 Darwin Lane,90087,Los Angeles,CA
138,Nicholas,Stewart,4/27/2016,943-80-6339,53910 Thierer Lane,08603,Trenton,NJ
139,Diane,Dixon,6/29/1935,532-65-5282,9 Muir Avenue,77218,Houston,TX
140,Virginia,Ramirez,10/27/1984,455-70-7502,0 Melody Way,11205,Brooklyn,NY
141,Roy,Gilbert,8/9/1917,683-04-2914,4813 Bayside Circle,35290,Birmingham,AL
142,Susan,Knight,6/20/1987,242-98-7049,056 Northland Circle,78732,Austin,TX
143,Matthew,Reyes,6/15/1942,603-15-1685,7421 Mccormick Parkway,40225,Louisville,KY
144,Jose,Kennedy,2/5/1943,640-35-9105,1165 Oak Crossing,33915,Cape Coral,FL
145,Louis,Gray,1/22/1930,592-29-8895,750 Kim Street,31196,Atlanta,GA
146,Sandra,Hunter,6/8/2008,165-35-9937,60675 Northland Parkway,50315,Des Moines,IA
147,Barbara,Banks,6/12/1968,308-30-6300,3905 Burrows Crossing,88530,El Paso,TX
148,Louis,Weaver,6/21/1931,139-91-4551,4335 Kipling Trail,06538,New Haven,CT
149,Eugene,Hart,5/7/1929,476-49-5372,6121 Maryland Court,15250,Pittsburgh,PA
150,Steve,Duncan,7/31/2008,332-02-5633,83 Clemons Alley,96805,Honolulu,HI
151,Benjamin,Reyes,2/15/1987,768-68-3821,2006 Eagan Parkway,48258,Detroit,MI
152,Thomas,Robinson,10/14/1985,106-76-7793,264 Bayside Place,78737,Austin,TX
153,Kenneth,Ross,10/4/1971,534-06-2921,62 Green Avenue,32885,Orlando,FL
154,Kathleen,Lawson,4/14/2014,168-00-9577,806 Cottonwood Trail,20503,Washington,DC
155,Rose,Boyd,1/11/1995,788-03-0566,1 Lawn Pass,22301,Alexandria,VA
156,Susan,Hernandez,7/15/2011,182-58-2665,794 Sugar Street,98907,Yakima,WA
157,Robin,Peterson,7/5/1964,715-30-4199,147 Talisman Place,55470,Minneapolis,MN
158,Harry,Alvarez,10/8/1962,291-01-5077,0 Forest Court,11024,Great Neck,NY
159,Gregory,Carroll,8/3/1992,363-61-8765,8 Autumn Leaf Pass,93715,Fresno,CA
160,Michael,Wallace,3/5/1933,712-29-2597,0689 Stephen Way,23436,Suffolk,VA
161,Dorothy,Davis,4/15/1977,898-42-0641,93045 Garrison Center,28314,Fayetteville,NC
162,Aaron,Myers,10/13/1978,589-70-8319,6 Browning Plaza,75241,Dallas,TX
163,Harry,Owens,6/19/1969,949-02-9455,2 Marcy Park,62723,Springfield,IL
164,Lillian,Rose,11/20/1938,557-04-5897,8 Summit Drive,19109,Philadelphia,PA
165,Juan,Holmes,3/26/2012,762-75-7492,14 Briar Crest Hill,80228,Denver,CO
166,Norma,Campbell,12/7/1964,653-78-2630,34603 Texas Drive,75251,Dallas,TX
167,Shawn,Lopez,8/20/1999,830-79-1283,1527 Shopko Alley,19886,Wilmington,DE
168,Jonathan,Harvey,5/8/2005,327-48-5901,981 Paget Trail,66160,Kansas City,KS
169,Walter,Hanson,12/2/1990,515-57-4453,2 Muir Road,78764,Austin,TX
170,Bruce,Hunt,12/25/1999,642-65-1417,83626 Lukken Court,33694,Tampa,FL
171,Angela,Spencer,10/25/1999,149-81-4917,7460 Myrtle Way,45807,Lima,OH
172,Robert,Frazier,8/14/2013,330-22-4156,88 Straubel Road,80995,Colorado Springs,CO
173,Sarah,Ruiz,11/7/1927,486-44-6112,78 6th Parkway,15230,Pittsburgh,PA
174,Betty,Dunn,2/19/1923,483-53-8848,39 Mayfield Terrace,02114,Boston,MA
175,Todd,Lee,1/21/1986,685-44-8575,9774 Dottie Parkway,77305,Conroe,TX
176,Scott,Boyd,3/26/1970,181-17-2947,40767 Marquette Pass,76544,Killeen,TX
177,Matthew,Sims,4/15/1953,113-80-3049,239 Dwight Drive,47737,Evansville,IN
178,Alan,Wheeler,2/5/1945,945-80-2740,08 Susan Trail,31296,Macon,GA
179,Jose,Kelly,2/3/1994,166-73-7976,2 Melody Court,89150,Las Vegas,NV
180,Amy,George,10/12/1939,290-89-1216,601 Northview Court,21229,Baltimore,MD
181,Lori,Harris,6/16/1927,297-06-1219,0 Pine View Trail,10029,New York City,NY
182,Diane,Ross,5/29/1992,250-64-8569,531 Rigney Crossing,80262,Denver,CO
183,Ann,Fowler,7/18/1955,777-01-9298,44833 Alpine Circle,33961,Naples,FL
184,Randy,Gomez,4/30/1985,572-39-5173,0140 Scoville Parkway,35242,Birmingham,AL
185,Nicholas,Chavez,4/9/1915,649-44-0909,5 Melvin Place,93150,Santa Barbara,CA
186,Roy,Morgan,6/29/1926,627-63-1154,6 Kennedy Pass,60158,Carol Stream,IL
187,Teresa,Mitchell,5/8/1921,946-43-5301,83 High Crossing Trail,85099,Phoenix,AZ
188,Jeffrey,Garrett,4/10/1989,721-89-0270,62 Gina Terrace,70820,Baton Rouge,LA
189,Lillian,Rose,12/3/1994,837-89-5830,5 Esch Park,28230,Charlotte,NC
190,Ruth,Stanley,5/14/1948,614-33-1851,4 Melby Hill,46814,Fort Wayne,IN
191,Mark,Schmidt,6/27/1982,531-25-3312,00077 Fallview Junction,32909,Palm Bay,FL
192,Thomas,Brooks,6/23/2004,140-70-4550,027 Milwaukee Plaza,20520,Washington,DC
193,Arthur,Meyer,8/24/1973,605-96-6913,64 Bay Road,73129,Oklahoma City,OK
194,Louis,Dean,11/10/1987,186-89-3245,755 Schurz Pass,32511,Pensacola,FL
195,Paul,Meyer,4/26/1938,183-18-2421,076 Elka Avenue,79940,El Paso,TX
196,Carol,Diaz,2/7/1991,439-14-9962,46570 Rusk Parkway,77240,Houston,TX
197,Patrick,Gonzalez,7/11/2004,317-66-9048,26760 Fremont Drive,76598,Gatesville,TX
198,Jacqueline,Day,3/13/1981,318-25-6238,077 Clarendon Junction,64193,Kansas City,MO
199,Janice,Carter,12/21/1989,609-34-6347,811 Morrow Lane,45213,Cincinnati,OH
200,Karen,Myers,9/30/2005,853-14-3429,3 Almo Pass,55166,Saint Paul,MN
201,Gerald,Harrison,5/10/2012,967-93-2268,48073 Swallow Court,62525,Decatur,IL
202,Howard,Hill,6/23/1988,543-63-9660,862 Northview Junction,35225,Birmingham,AL
203,Donald,Fisher,10/2/1998,508-40-1870,73 Macpherson Alley,80262,Denver,CO
204,Amy,Meyer,5/14/1955,133-36-8052,6 Bellgrove Point,92127,San Diego,CA
205,Ralph,Harvey,8/17/1964,720-22-1036,44304 Anderson Junction,89105,Las Vegas,NV
206,Shirley,Mendoza,1/13/1957,661-15-8766,23023 Westerfield Court,84130,Salt Lake City,UT
207,Fred,Reynolds,4/22/1939,486-83-3380,14 Dixon Hill,76096,Arlington,TX
208,Maria,Knight,4/16/2009,490-81-4326,0 Aberg Lane,20260,Washington,DC
209,Denise,Turner,4/10/2012,610-99-6437,0685 Mariners Cove Street,23436,Suffolk,VA
210,Marilyn,Wallace,12/7/1984,469-35-0098,0 Valley Edge Alley,94280,Sacramento,CA
211,Terry,Lewis,1/21/1922,524-24-5327,313 Lyons Center,31605,Valdosta,GA
212,Ashley,Jackson,2/27/1975,471-61-6433,40 Lakewood Gardens Center,48206,Detroit,MI
213,Patrick,Ross,3/13/1947,838-92-2663,5243 Heffernan Road,93786,Fresno,CA
214,Steven,Anderson,12/24/2005,425-41-2580,8 Anthes Center,27415,Greensboro,NC
215,Bruce,Meyer,1/20/1921,474-65-1427,9025 Independence Hill,06520,New Haven,CT
216,Brenda,Duncan,10/20/1952,693-25-2670,80 Pennsylvania Park,98148,Seattle,WA
217,Lawrence,Murphy,1/13/1931,540-94-4511,95980 Summer Ridge Place,35215,Birmingham,AL
218,Matthew,Hughes,2/6/1955,815-75-5033,1588 Westridge Street,37605,Johnson City,TN
219,Jeffrey,Duncan,10/16/1973,679-44-0671,142 Welch Drive,33610,Tampa,FL
220,Willie,Cole,2/27/1942,508-75-3415,4390 Goodland Crossing,31904,Columbus,GA
221,Christina,Woods,3/7/2004,826-59-7947,396 Stephen Crossing,32885,Orlando,FL
222,Bobby,Howell,12/14/1986,980-06-5526,37871 Ryan Plaza,76162,Fort Worth,TX
223,Frank,Hunt,7/19/1975,892-06-9925,3 Cordelia Street,10175,New York City,NY
224,Matthew,Harvey,8/23/1992,447-86-0202,0 Melody Road,33913,Fort Myers,FL
225,Gerald,Sanders,6/13/1986,742-59-7423,331 American Ash Circle,91103,Pasadena,CA
226,Richard,Wright,8/15/1958,881-23-7501,45 Brickson Park Road,27610,Raleigh,NC
227,Patrick,Rodriguez,7/27/1963,161-96-3246,434 Algoma Circle,79176,Amarillo,TX
228,Aaron,Weaver,7/4/1960,375-06-4653,450 Hoepker Pass,64187,Kansas City,MO
229,Wanda,Clark,10/2/1916,712-40-6939,930 Roxbury Center,23668,Hampton,VA
230,Katherine,Garza,5/10/2004,526-44-7978,044 Acker Trail,20591,Washington,DC
231,Chris,Miller,4/14/1960,963-91-1943,419 Novick Circle,95828,Sacramento,CA
232,Michelle,Boyd,8/29/1956,797-69-5470,0638 Lakewood Gardens Hill,55811,Duluth,MN
233,Roger,James,9/30/1940,964-61-8955,371 Crescent Oaks Court,38114,Memphis,TN
234,Karen,Bailey,11/9/1992,781-65-8104,809 Stuart Hill,92127,San Diego,CA
235,Marie,Kennedy,7/1/2010,459-33-4254,75699 Cordelia Hill,75310,Dallas,TX
236,Joyce,Young,1/24/2012,820-77-5071,40 Myrtle Center,79410,Lubbock,TX
237,Anne,Wright,7/14/1990,515-39-5706,1 Park Meadow Place,98442,Tacoma,WA
238,Patricia,Harper,3/6/1949,380-97-5333,42 Vera Crossing,70607,Lake Charles,LA
239,Shirley,Chapman,12/19/1946,482-61-6016,490 Springview Avenue,35205,Birmingham,AL
240,Annie,Perry,9/2/1989,234-95-4679,2839 Northfield Crossing,02109,Boston,MA
241,Katherine,Bishop,9/16/1958,604-02-9017,61050 Glendale Pass,30343,Atlanta,GA
242,Samuel,Rice,8/30/1923,623-17-9493,3 Calypso Road,58505,Bismarck,ND
243,Kimberly,Grant,6/16/1926,454-69-9541,20459 Norway Maple Road,62764,Springfield,IL
244,Jerry,Martin,5/19/1940,675-48-1578,98764 Maywood Pass,61640,Peoria,IL
245,Eugene,Sanders,10/2/1924,966-73-5367,5 Johnson Point,36605,Mobile,AL
246,Joseph,Jacobs,10/22/1967,837-80-1821,0254 International Hill,92717,Irvine,CA
247,Maria,Powell,10/29/1961,883-28-8231,55060 Parkside Crossing,33963,Naples,FL
248,Kathy,Nichols,8/2/1989,428-41-5921,3656 Jenifer Lane,66699,Topeka,KS
249,William,Jenkins,2/11/1922,415-03-1376,20 New Castle Circle,06721,Waterbury,CT
250,Amy,Harvey,1/1/1994,132-97-4400,87951 Tomscot Place,31904,Columbus,GA
251,Cheryl,Wood,10/1/1940,844-50-9299,29 Grover Point,93773,Fresno,CA
252,Theresa,Jones,4/14/1972,135-67-6815,32095 Packers Hill,43215,Columbus,OH
253,Angela,Lewis,12/19/1924,434-33-3623,5 Continental Circle,29605,Greenville,SC
254,Steve,Dean,5/4/2011,457-70-3486,1 Village Circle,23324,Chesapeake,VA
255,Marie,Marshall,8/28/1975,811-39-0793,21764 Jenifer Court,43226,Columbus,OH
256,Eugene,Gray,2/22/1967,450-00-3831,36 Declaration Alley,02124,Boston,MA
257,Lisa,Rose,6/28/1984,946-92-0301,7 Eagle Crest Junction,32520,Pensacola,FL
258,Doris,Morris,1/31/1973,295-29-9699,55 Express Terrace,25321,Charleston,WV
259,Kevin,Grant,12/9/1974,213-83-6730,95720 Knutson Center,34210,Bradenton,FL
260,Todd,Carr,8/2/1994,131-87-5310,9 Mifflin Pass,03804,Portsmouth,NH
261,Judith,Holmes,11/10/1987,548-93-7353,7385 Continental Way,32405,Panama City,FL
262,Martin,Cooper,9/13/1980,440-92-5800,80 2nd Court,44555,Youngstown,OH
263,Norma,Fields,2/10/1996,236-72-4999,49073 Rockefeller Center,10633,White Plains,NY
264,Kevin,Flores,5/5/2013,435-34-7710,85 Pond Pass,44315,Akron,OH
265,Thomas,Evans,12/31/1977,815-32-0375,6167 Nobel Junction,77015,Houston,TX
266,Kelly,Mason,5/27/1960,458-35-7763,97380 Becker Crossing,70160,New Orleans,LA
267,Alan,Welch,7/29/1949,519-93-0151,43070 Esch Hill,11024,Great Neck,NY
268,Tammy,Wood,2/5/1946,312-13-1781,1697 Express Circle,77228,Houston,TX
269,Mark,Walker,2/5/1922,335-78-1507,3 Cambridge Lane,75216,Dallas,TX
270,Angela,Harvey,2/9/1997,582-88-8044,43 Canary Parkway,92513,Riverside,CA
271,George,Fisher,4/14/1969,564-19-4417,294 Brown Park,66629,Topeka,KS
272,Bobby,Ramirez,3/20/1977,469-09-5066,6 Luster Alley,75260,Dallas,TX
273,Harry,Mason,9/20/1940,339-37-9872,412 Portage Drive,10454,Bronx,NY
274,Patricia,Wallace,8/11/2006,870-90-3617,66449 Sutteridge Lane,01813,Woburn,MA
275,Katherine,Meyer,7/31/1951,606-41-9102,8463 Elka Point,78710,Austin,TX
276,Sandra,Garcia,3/6/1974,313-91-6861,63 Nova Way,07195,Newark,NJ
277,Justin,Lewis,2/23/1942,539-74-1284,16663 Pankratz Parkway,34642,Seminole,FL
278,Jeremy,Nguyen,2/13/1945,635-76-8116,18152 Sutherland Hill,15225,Pittsburgh,PA
279,Christina,Wilson,11/8/1939,751-04-6958,8 Prentice Plaza,29505,Florence,SC
280,Ann,Chavez,3/11/1949,929-80-2275,060 Tennessee Hill,32803,Orlando,FL
281,Harold,Morales,3/10/1994,236-53-4351,304 Orin Pass,44505,Youngstown,OH
282,Betty,Hayes,11/26/1987,173-63-7709,88 Manufacturers Alley,44185,Cleveland,OH
283,Raymond,Snyder,2/13/1955,255-77-7523,2 Oak Place,85260,Scottsdale,AZ
284,Maria,Greene,8/8/1988,902-97-9440,9 Monument Lane,01605,Worcester,MA
285,Diana,Hughes,5/14/1930,209-66-0540,8 Anthes Park,55436,Minneapolis,MN
286,Philip,Stone,7/17/1927,907-29-0583,7 Hovde Center,20470,Washington,DC
287,Gerald,Young,5/17/2010,385-11-4670,41 Hazelcrest Way,72204,Little Rock,AR
288,Patrick,Johnson,7/19/1948,157-88-1189,559 Brown Terrace,35231,Birmingham,AL
289,Robin,Torres,1/21/1940,751-78-1096,10 Springs Junction,20546,Washington,DC
290,Phyllis,Harvey,8/19/1937,394-16-0119,9 Huxley Drive,79911,El Paso,TX
291,Albert,Marshall,7/26/1980,700-23-4898,6786 Drewry Avenue,94121,San Francisco,CA
292,Melissa,Bailey,3/28/1929,795-85-1121,4 Cottonwood Drive,21275,Baltimore,MD
293,Cynthia,Gutierrez,1/1/1984,339-13-9591,6534 Melvin Alley,73034,Edmond,OK
294,Henry,Harper,5/4/1994,830-16-0231,5 Carey Drive,32969,Vero Beach,FL
295,Donald,Mitchell,11/17/1979,668-36-6847,43 Heath Plaza,21705,Frederick,MD
296,Tammy,Rice,1/5/1967,282-22-6553,390 Farragut Drive,90610,Whittier,CA
297,Aaron,Lane,8/15/1946,138-13-3281,18 Dryden Center,48092,Warren,MI
298,Katherine,Bell,11/15/2001,290-94-6953,288 Mesta Drive,66112,Kansas City,KS
299,Kathy,Young,9/21/1917,431-80-0511,17 Bashford Parkway,12247,Albany,NY
300,Katherine,Jacobs,7/14/1954,571-44-1252,9 Declaration Alley,29615,Greenville,SC
301,Lisa,Holmes,6/7/1950,914-36-9691,44 Elgar Court,44329,Akron,OH
302,Judith,Elliott,11/23/1957,966-76-2517,4643 Myrtle Hill,93794,Fresno,CA
303,Daniel,Carr,6/29/1994,491-51-6797,641 Dixon Drive,73104,Oklahoma City,OK
304,William,Johnson,8/2/1949,392-52-9876,0204 Barnett Avenue,10165,New York City,NY
305,Gregory,Ellis,4/24/1968,220-57-5458,9 Melby Circle,56944,Washington,DC
306,Kevin,Lopez,5/8/1964,840-30-7774,4 Dayton Terrace,36114,Montgomery,AL
307,Craig,Andrews,4/19/1925,885-61-7376,13 Prairieview Place,76505,Temple,TX
308,Carolyn,Wallace,9/5/1924,395-52-6734,2393 Dawn Road,92612,Irvine,CA
309,Teresa,Wood,4/13/2002,451-50-9381,86949 Barby Drive,29416,Charleston,SC
310,Steven,Medina,9/28/1977,617-57-3428,74 Fordem Plaza,33633,Tampa,FL
311,Jean,Watkins,2/5/1975,483-75-0318,7 Manitowish Plaza,20226,Washington,DC
312,Ralph,Burton,10/8/2015,753-37-4054,7 International Center,48555,Flint,MI
313,Billy,Reynolds,9/30/1920,967-29-0547,6 Gina Avenue,92662,Newport Beach,CA
314,Nancy,Ray,11/12/1955,887-13-0315,85 Loomis Plaza,48107,Ann Arbor,MI
315,Brian,Elliott,2/2/1974,584-53-7293,8 La Follette Road,50320,Des Moines,IA
316,Virginia,Romero,4/24/1988,335-10-6470,70 Quincy Court,95173,San Jose,CA
317,Lisa,Morrison,12/6/1999,318-11-7412,4769 Center Court,45296,Cincinnati,OH
318,Bobby,Warren,6/1/1992,289-39-2748,11911 Memorial Trail,75397,Dallas,TX
319,James,Spencer,5/7/1965,997-09-3376,5068 Killdeer Trail,95865,Sacramento,CA
320,Ronald,Sullivan,6/10/2011,270-05-1887,5 Sauthoff Avenue,95064,Santa Cruz,CA
321,Justin,Perkins,6/16/1966,241-35-7745,52732 Lien Trail,24009,Roanoke,VA
322,Beverly,Reyes,6/15/1999,755-96-7552,95878 Northland Way,23260,Richmond,VA
323,Lois,Ortiz,1/16/1974,234-79-3134,99515 Monterey Lane,18505,Scranton,PA
324,Bruce,Morgan,3/16/1917,392-70-9963,632 Barby Park,80241,Denver,CO
325,Timothy,Tucker,9/6/1980,690-81-9553,34 Gina Street,76192,Fort Worth,TX
326,Annie,Marshall,9/1/1992,503-09-4546,94 Lukken Hill,32118,Daytona Beach,FL
327,Adam,Sanders,11/19/1960,620-16-2056,1 Derek Point,78754,Austin,TX
328,Kenneth,Scott,11/26/1935,804-66-0554,50 Emmet Parkway,44505,Youngstown,OH
329,Wayne,Wallace,10/6/1998,215-38-2141,40209 Manitowish Place,91109,Pasadena,CA
330,Denise,Lopez,12/28/1923,194-84-1436,64 Grover Avenue,61105,Rockford,IL
331,Andrea,Ray,4/1/1984,150-19-3958,9 Gina Junction,48670,Midland,MI
332,Shawn,Berry,5/21/1918,132-82-8066,65 Longview Avenue,20883,Gaithersburg,MD
333,Harry,Bailey,9/22/1934,309-22-9856,956 Northland Terrace,37416,Chattanooga,TN
334,Joseph,Ferguson,6/16/1948,851-49-8116,37428 Division Terrace,33499,Boca Raton,FL
335,Nicholas,Greene,12/27/1957,786-90-8409,86 Tony Center,94622,Oakland,CA
336,Douglas,Medina,10/7/1981,664-92-5844,60 Redwing Court,91103,Pasadena,CA
337,Lillian,Hansen,9/6/1986,375-47-2606,5 Maryland Place,30911,Augusta,GA
338,Phyllis,Oliver,10/18/1927,439-67-9184,7 Dovetail Terrace,83716,Boise,ID
339,Catherine,Alexander,5/21/1945,172-95-7554,3 Dunning Place,26505,Morgantown,WV
340,Beverly,Sanchez,7/18/1979,468-57-4358,93 Alpine Park,32236,Jacksonville,FL
341,Justin,Miller,4/19/1952,527-29-9837,67 Lawn Avenue,15134,Mc Keesport,PA
342,John,Lane,11/8/1953,280-49-0677,888 Summerview Lane,35263,Birmingham,AL
343,Carol,Dunn,2/3/1932,953-36-4742,8588 Fairfield Lane,46278,Indianapolis,IN
344,Kenneth,Sims,12/26/1993,154-51-1383,7599 Everett Court,33124,Miami,FL
345,Janet,Wells,4/18/1920,384-58-5959,493 Brown Park,56398,Saint Cloud,MN
346,Judith,Fuller,12/13/1933,857-64-4828,6 Sunbrook Plaza,80005,Arvada,CO
347,Douglas,Owens,5/7/2011,899-37-1729,59 Bartelt Way,44125,Cleveland,OH
348,Robin,Duncan,6/28/1983,743-28-2331,9325 Burrows Pass,30610,Athens,GA
349,Peter,Stewart,7/29/1920,706-14-1156,1095 Steensland Point,29579,Myrtle Beach,SC
350,Anthony,Ortiz,12/15/1970,659-13-1512,95391 Mccormick Alley,85025,Phoenix,AZ
351,Teresa,Bishop,4/14/2001,345-16-2438,31399 Sachtjen Way,22405,Fredericksburg,VA
352,Jack,Henderson,12/14/2008,835-87-4186,092 South Point,19136,Philadelphia,PA
353,Rose,Martinez,3/11/1925,187-49-0072,978 Grim Junction,93311,Bakersfield,CA
354,Matthew,Rogers,10/20/2014,441-28-9438,103 Bonner Place,95064,Santa Cruz,CA
355,Margaret,Jackson,10/9/1921,144-44-9126,76780 Mockingbird Point,99215,Spokane,WA
356,Paul,Griffin,9/10/1976,463-40-7185,54 Petterle Plaza,33742,Saint Petersburg,FL
357,Joseph,Nelson,3/13/1957,331-75-4455,91285 Northland Alley,94257,Sacramento,CA
358,Jessica,Gordon,9/21/1996,817-34-6996,01949 Fairview Plaza,65110,Jefferson City,MO
359,Frances,Gilbert,5/25/1976,307-44-9511,3279 Harper Pass,83711,Boise,ID
360,Donald,Howell,11/11/1955,597-61-4609,16 Holy Cross Alley,32244,Jacksonville,FL
361,Brian,Chavez,5/13/1995,511-84-1849,153 American Ash Drive,32891,Orlando,FL
362,Janice,Crawford,7/25/2007,696-56-5923,0569 Troy Street,21229,Baltimore,MD
363,Bruce,Ellis,2/2/1937,882-64-4369,4 Mallory Court,07522,Paterson,NJ
364,Craig,Griffin,9/19/1979,612-83-1041,4177 Longview Alley,63116,Saint Louis,MO
365,Phyllis,Fowler,2/23/1934,953-48-3850,92 Namekagon Circle,07112,Newark,NJ
366,Deborah,Williams,8/12/2010,941-72-7371,01 Walton Parkway,39282,Jackson,MS
367,Victor,Williamson,12/22/1948,619-01-9328,14 Lake View Court,67220,Wichita,KS
368,Michelle,Hunt,4/16/1935,249-84-8059,27 Mallory Drive,80638,Greeley,CO
369,Roger,Kim,9/18/2010,719-10-5443,6655 Fuller Drive,45408,Dayton,OH
370,Bruce,Ward,3/13/1925,880-71-6076,12935 Bay Lane,10270,New York City,NY
371,Anna,King,4/17/2008,835-40-7778,486 Stoughton Alley,62723,Springfield,IL
372,Catherine,Martin,10/12/1977,346-90-9178,3 Longview Hill,79171,Amarillo,TX
373,Douglas,Mills,7/1/1994,335-17-8356,848 Bultman Avenue,70124,New Orleans,LA
374,Jack,Turner,8/7/1956,651-33-8712,6 Myrtle Court,36177,Montgomery,AL
375,Kelly,Graham,12/11/1923,420-17-2276,51088 Manley Center,79769,Odessa,TX
376,Patrick,Hill,10/27/1984,152-09-1717,08 Amoth Avenue,71115,Shreveport,LA
377,Diana,Stephens,12/5/1987,241-68-2182,63 Ohio Lane,89510,Reno,NV
378,Betty,Lawson,1/16/1989,926-58-0458,423 Towne Alley,20575,Washington,DC
379,Joan,Henry,7/12/1959,451-79-9352,1 Shopko Pass,91210,Glendale,CA
380,Karen,Mcdonald,7/9/1935,725-62-5975,7628 Service Circle,94616,Oakland,CA
381,Sandra,Bell,12/24/1922,526-99-4637,46 Stuart Drive,75246,Dallas,TX
382,Kelly,Andrews,1/21/1919,596-71-4148,992 Eastwood Parkway,89120,Las Vegas,NV
383,Frank,Hawkins,12/28/1951,624-44-7569,4458 Stang Lane,50706,Waterloo,IA
384,Amanda,Kelley,3/29/2007,215-46-3186,55 Loeprich Drive,15274,Pittsburgh,PA
385,Walter,Gonzales,4/28/1946,691-50-5086,718 Nobel Pass,93407,San Luis Obispo,CA
386,Nicholas,Simpson,1/18/2008,969-36-7623,30 Prairieview Center,57105,Sioux Falls,SD
387,Christine,Andrews,5/23/1975,900-36-3826,9851 East Hill,98195,Seattle,WA
388,Catherine,Frazier,8/6/2009,825-70-8371,3 Clove Center,56944,Washington,DC
389,Ralph,Hall,8/7/2001,915-38-9549,24 Miller Court,88574,El Paso,TX
390,Alan,Simmons,6/20/2001,403-37-2192,80 Dexter Pass,23242,Richmond,VA
391,Bobby,Hunter,3/8/1952,140-79-7218,1939 Glacier Hill Drive,28410,Wilmington,NC
392,Walter,Ray,1/16/1972,869-65-3482,6140 Warrior Parkway,68505,Lincoln,NE
393,Angela,Harrison,5/6/1948,329-68-8629,28108 Quincy Street,70142,New Orleans,LA
394,Timothy,Banks,3/23/1954,962-06-4349,1 Main Plaza,95973,Chico,CA
395,Brian,Austin,1/4/1927,148-47-5377,9190 Morningstar Court,44505,Youngstown,OH
396,Ashley,Garrett,5/4/2015,572-81-5198,01 Logan Center,20215,Washington,DC
397,Jessica,Rogers,5/21/1927,863-20-7804,4279 Bluejay Court,40596,Lexington,KY
398,Angela,Ortiz,11/30/1926,113-49-8235,78 Forest Terrace,77266,Houston,TX
399,Jerry,Gutierrez,3/11/1982,310-56-4564,5773 Union Terrace,89120,Las Vegas,NV
400,Cynthia,Fernandez,8/4/1958,808-56-4021,0955 Artisan Hill,20414,Washington,DC
401,Virginia,Graham,3/15/1986,875-82-1504,8429 Bowman Alley,70810,Baton Rouge,LA
402,Pamela,Harrison,2/27/1944,843-13-3484,367 Di Loreto Court,89036,North Las Vegas,NV
403,Gregory,Torres,12/31/1932,303-01-3370,3 Mallard Avenue,90040,Los Angeles,CA
404,Sara,Freeman,9/6/1950,836-06-1149,17 Helena Terrace,36622,Mobile,AL
405,David,Wallace,6/6/1980,670-63-7805,5425 Londonderry Center,88563,El Paso,TX
406,Steve,Parker,2/5/1997,477-34-7629,49 Schiller Court,08619,Trenton,NJ
407,Walter,Hudson,10/17/1986,209-82-1837,123 Delaware Park,31410,Savannah,GA
408,Jack,Brooks,6/30/1985,603-58-1475,8904 Village Crossing,32399,Tallahassee,FL
409,Martin,Ferguson,10/23/1995,509-09-9901,6 Morningstar Place,19104,Philadelphia,PA
410,Phyllis,Frazier,8/8/2008,547-07-4862,629 Corscot Court,10115,New York City,NY
411,Philip,Peters,1/11/1969,595-08-4455,757 Harper Pass,11407,Jamaica,NY
412,Rachel,Burke,5/28/1975,507-23-9304,5 Iowa Park,45223,Cincinnati,OH
413,Charles,Rice,5/15/2014,345-54-9374,64 Anhalt Lane,10165,New York City,NY
414,Melissa,Knight,5/23/1954,803-55-5019,49707 Kings Crossing,27635,Raleigh,NC
415,Ronald,Peterson,5/8/1989,565-97-5025,55 Mendota Pass,39282,Jackson,MS
416,Aaron,Miller,11/16/1926,787-02-6134,65 Pierstorff Point,85053,Phoenix,AZ
417,Frances,Sullivan,3/6/1916,131-60-7882,74433 Northwestern Park,79605,Abilene,TX
418,Mildred,Thompson,5/13/1963,448-80-4135,03 Hauk Point,24004,Roanoke,VA
419,Terry,Franklin,12/22/1953,766-54-1559,958 Glendale Avenue,33633,Tampa,FL
420,Nicholas,Jones,11/8/1965,643-20-0338,6 Lawn Point,95823,Sacramento,CA
421,Mary,Johnston,10/20/2001,796-55-0442,6 Holy Cross Point,77025,Houston,TX
422,Ralph,Carr,2/4/1979,212-30-7175,45793 Acker Parkway,85383,Peoria,AZ
423,John,Wagner,9/3/1929,333-42-4311,16 Londonderry Terrace,95219,Stockton,CA
424,Andrea,Price,11/18/1989,119-98-1283,9 Debs Pass,33336,Fort Lauderdale,FL
425,Ann,Elliott,11/2/1987,224-76-3260,51 Nova Junction,02208,Boston,MA
426,Louise,Sanchez,10/11/1943,488-56-1845,453 Dapin Center,53710,Madison,WI
427,Karen,Coleman,9/11/1927,182-89-5479,34 Kingsford Hill,33610,Tampa,FL
428,Andrew,Peters,2/20/1952,431-09-7301,00136 Kingsford Plaza,79159,Amarillo,TX
429,Tina,Ferguson,11/27/1949,574-49-2983,749 Forest Parkway,15210,Pittsburgh,PA
430,Beverly,Fowler,8/24/1973,697-38-7575,59 Crowley Lane,96154,South Lake Tahoe,CA
431,Joan,Cunningham,2/27/1953,112-28-7123,26907 Summit Court,61605,Peoria,IL
432,Nancy,Allen,2/23/1977,187-94-0301,39670 Toban Avenue,19810,Wilmington,DE
433,Todd,Flores,8/6/1958,197-18-9612,93 Marcy Street,36641,Mobile,AL
434,Juan,Scott,9/27/1942,892-06-5978,835 Starling Plaza,94126,San Francisco,CA
435,Carol,Dean,2/21/1954,691-71-4346,76636 Hanover Lane,89105,Las Vegas,NV
436,David,Simmons,7/18/1985,721-13-9797,81 Kipling Circle,80217,Denver,CO
437,Shawn,Shaw,11/22/2005,774-63-9831,57 Carioca Way,37228,Nashville,TN
438,Nancy,Lewis,11/13/2007,443-29-0536,08479 Moose Lane,75210,Dallas,TX
439,Carlos,Mcdonald,1/15/2004,183-09-4690,97235 Bunting Hill,35205,Birmingham,AL
440,Gregory,Carr,2/14/2007,592-96-9561,9 Dwight Court,78754,Austin,TX
441,Anthony,Lawrence,4/19/2016,125-97-1527,91239 Blackbird Park,65211,Columbia,MO
442,Mark,Patterson,5/14/1939,837-97-6359,7 Holmberg Road,93311,Bakersfield,CA
443,Cheryl,Daniels,5/25/2006,253-95-9148,7709 Hanover Court,61640,Peoria,IL
444,Antonio,Harrison,12/17/1923,159-89-0545,631 Spohn Court,47905,Lafayette,IN
445,Stephen,Matthews,12/10/1977,692-04-0265,92829 Kedzie Point,98411,Tacoma,WA
446,Wanda,Bryant,2/24/1965,595-64-7878,549 Warrior Hill,11044,New Hyde Park,NY
447,Doris,Hicks,8/1/2001,724-58-3041,0 Schlimgen Terrace,32236,Jacksonville,FL
448,Chris,Larson,8/27/1976,668-55-7314,34 Mccormick Crossing,73179,Oklahoma City,OK
449,Larry,Romero,8/10/1952,460-55-5971,153 Elka Circle,46620,South Bend,IN
450,James,Lawrence,10/23/1952,260-53-1783,9142 Marcy Court,88553,El Paso,TX
451,Amy,Ferguson,11/28/1996,921-93-7322,9 Randy Center,17126,Harrisburg,PA
452,Kenneth,Thomas,11/5/1995,847-54-6219,54 Lillian Plaza,87180,Albuquerque,NM
453,Clarence,Hicks,9/15/1940,428-16-5088,68 Daystar Way,01605,Worcester,MA
454,Michelle,Snyder,9/17/1981,200-13-2730,75 Monument Court,61651,Peoria,IL
455,Gary,Ortiz,6/20/1929,380-58-9485,77 Starling Junction,60669,Chicago,IL
456,Victor,Mcdonald,5/26/1977,976-33-1318,4769 Talmadge Lane,32835,Orlando,FL
457,Nicole,Stephens,4/10/1954,246-01-7425,16 Lakeland Crossing,20520,Washington,DC
458,Ronald,Watson,10/13/1957,553-39-5378,283 Myrtle Point,95054,Santa Clara,CA
459,Diana,Watson,8/25/1976,332-03-3486,99 Little Fleur Circle,31704,Albany,GA
460,Paul,Martin,11/3/1963,770-91-6936,5452 Shelley Alley,83727,Boise,ID
461,Shirley,Ray,9/22/1990,861-50-1423,7525 8th Place,30356,Atlanta,GA
462,Amanda,Carpenter,6/24/1956,601-93-4390,57 Ronald Regan Street,55458,Minneapolis,MN
463,Arthur,Wagner,12/29/1918,330-09-7168,063 Boyd Parkway,63136,Saint Louis,MO
464,Jerry,Castillo,12/5/1924,500-69-0504,11 Anzinger Junction,76129,Fort Worth,TX
465,Doris,Castillo,11/23/1917,651-45-8020,40 Summit Park,55557,Young America,MN
466,Mary,Freeman,11/6/1966,114-49-0967,06 Cherokee Drive,87180,Albuquerque,NM
467,Rose,Gordon,12/27/1926,880-59-4898,76 Atwood Center,33694,Tampa,FL
468,Stephen,Thompson,2/12/2015,968-45-9035,79 Del Sol Terrace,24048,Roanoke,VA
469,Craig,Howard,1/2/1979,361-07-1414,57 Logan Lane,85260,Scottsdale,AZ
470,Patricia,Collins,4/14/1929,118-55-0398,8468 Hagan Road,77070,Houston,TX
471,Marie,Mendoza,11/20/2000,636-39-5109,129 Haas Hill,96815,Honolulu,HI
472,Cheryl,Burton,1/1/1921,457-77-6940,4381 School Lane,39705,Columbus,MS
473,Arthur,Ray,7/5/1995,691-29-5671,96619 Bluestem Road,60697,Chicago,IL
474,Susan,Collins,1/17/1963,768-23-0953,023 Montana Avenue,45296,Cincinnati,OH
475,Evelyn,Kennedy,2/2/1979,133-00-2106,4057 Sycamore Parkway,66205,Shawnee Mission,KS
476,Daniel,Campbell,1/21/1958,930-17-2695,24 Toban Alley,06673,Bridgeport,CT
477,Jerry,Roberts,8/22/1984,761-80-7587,22 Parkside Trail,55115,Saint Paul,MN
478,Albert,Snyder,1/16/2011,777-14-1156,8 Di Loreto Place,90076,Los Angeles,CA
479,Janice,Robinson,7/21/1975,346-13-5168,678 Cardinal Way,28242,Charlotte,NC
480,Doris,Stone,1/14/1998,596-24-5796,44706 Lighthouse Bay Junction,55564,Young America,MN
481,Paula,Sullivan,9/5/1992,657-19-5401,8 Menomonie Court,32835,Orlando,FL
482,Keith,Hudson,10/9/1976,569-42-6217,936 Spohn Plaza,23293,Richmond,VA
483,Jennifer,Little,6/23/1917,599-29-6887,0137 Lunder Point,84152,Salt Lake City,UT
484,Robert,Lopez,6/27/1943,699-24-9644,3442 Oxford Avenue,55564,Young America,MN
485,Nancy,Morrison,7/27/1936,460-62-6000,176 Bunting Road,97216,Portland,OR
486,Janice,Reid,1/3/1920,608-22-4141,01478 Russell Alley,20319,Washington,DC
487,Barbara,Diaz,5/24/1922,101-80-9615,1 Kenwood Crossing,15215,Pittsburgh,PA
488,Donna,Vasquez,7/26/1946,512-50-2451,6 Comanche Pass,46207,Indianapolis,IN
489,Bruce,Burns,11/17/1940,886-88-2943,3042 Superior Road,33153,Miami,FL
490,Mark,Freeman,11/15/1919,478-59-6653,8193 Blackbird Court,65211,Columbia,MO
491,Mildred,Bowman,6/19/1923,611-21-9384,10 Duke Lane,55811,Duluth,MN
492,Paula,Schmidt,9/24/1937,308-61-8843,678 Golf View Place,45218,Cincinnati,OH
493,Emily,Ward,12/19/1928,186-40-5273,57707 Westridge Plaza,06505,New Haven,CT
494,Maria,Lawson,11/28/1935,998-73-6472,56 Granby Park,46634,South Bend,IN
495,Jack,Fernandez,8/30/1974,603-85-0048,83 Onsgard Terrace,39305,Meridian,MS
496,Scott,Henderson,7/9/1975,553-64-0251,3 Hoard Hill,06538,New Haven,CT
497,Lisa,Torres,3/29/1980,644-29-5927,24195 Manley Terrace,15261,Pittsburgh,PA
498,Harold,Frazier,5/15/1982,462-71-1952,0288 Prentice Pass,79705,Midland,TX
499,Gloria,Nelson,12/18/1961,964-92-1720,510 Vera Junction,94110,San Francisco,CA
500,Heather,Ward,10/9/1918,337-46-8111,00291 Bultman Drive,63136,Saint Louis,MO
501,Henry,Cook,3/18/1926,281-13-1656,623 Straubel Way,90094,Los Angeles,CA
502,Jeffrey,Burton,12/23/1924,476-65-8208,4 Clyde Gallagher Street,36125,Montgomery,AL
503,Jeremy,Watkins,4/14/1925,756-21-0552,32 Clemons Court,27690,Raleigh,NC
504,Nicholas,Nelson,10/23/1958,735-04-3608,5 Porter Way,14683,Rochester,NY
505,Debra,Clark,5/5/1961,203-57-0072,570 Del Mar Circle,10606,White Plains,NY
506,Peter,Perez,12/4/2005,172-64-8786,0 Jay Parkway,77293,Houston,TX
507,Kevin,Dunn,9/28/1983,982-44-0297,637 Westport Street,60567,Naperville,IL
508,Marilyn,Ramirez,4/1/1965,300-05-4150,20489 Gerald Pass,48550,Flint,MI
509,Rebecca,Cook,7/13/1986,678-71-7958,8 Lerdahl Court,70154,New Orleans,LA
510,Russell,Lawson,3/26/1927,689-26-5282,1 Maywood Place,32803,Orlando,FL
511,Christine,Hughes,6/10/1987,671-48-2763,4 Brentwood Junction,75387,Dallas,TX
512,Craig,Hansen,1/27/1977,544-21-3905,507 Eagle Crest Street,12247,Albany,NY
513,Kenneth,Medina,8/8/1942,872-44-5646,51630 Golf Course Circle,91797,Pomona,CA
514,Diana,Nichols,6/21/2010,888-52-2174,08 Chive Terrace,53785,Madison,WI
515,Willie,Perkins,2/22/1949,618-85-6097,077 Garrison Hill,44315,Akron,OH
516,Anthony,Greene,10/12/2008,737-20-2901,1478 Sachs Court,81505,Grand Junction,CO
517,Todd,Harrison,3/23/1968,510-73-9081,1270 Lunder Avenue,77288,Houston,TX
518,Kathryn,Cunningham,4/16/2016,483-44-0551,60 Schmedeman Lane,92640,Fullerton,CA
519,Fred,Marshall,8/20/1960,525-40-1749,2730 Barby Circle,66276,Shawnee Mission,KS
520,Joyce,Willis,4/29/1917,923-57-7558,51419 Manitowish Alley,33680,Tampa,FL
521,Christopher,Bennett,9/15/1979,298-88-6738,045 Main Hill,60609,Chicago,IL
522,Christopher,Gilbert,5/25/1953,146-09-0330,38 Corry Hill,98185,Seattle,WA
523,Aaron,George,2/28/1942,146-82-4658,7 Kropf Pass,27690,Raleigh,NC
524,Angela,Young,4/4/1956,663-34-9434,5 Eastwood Place,53405,Racine,WI
525,Carl,Daniels,5/19/1979,995-43-3775,956 Butterfield Court,64187,Kansas City,MO
526,Maria,Elliott,8/24/1938,589-74-8079,2 Dryden Park,11254,Brooklyn,NY
527,Steve,Schmidt,3/10/1953,951-18-3753,60 Buena Vista Avenue,33610,Tampa,FL
528,Andrew,Larson,10/29/2015,130-31-2901,6 Farragut Court,33620,Tampa,FL
529,Roger,Phillips,1/20/1999,327-80-3239,39904 Bonner Point,06140,Hartford,CT
530,Sandra,Fowler,11/15/1988,673-70-8224,9 Surrey Junction,21239,Baltimore,MD
531,Christopher,Wallace,8/8/1958,121-66-3626,5 Bowman Junction,40745,London,KY
532,Bruce,Wells,9/3/1970,416-52-2015,74 Mandrake Terrace,06538,New Haven,CT
533,William,Collins,9/10/1959,916-22-6151,63 Novick Road,48126,Dearborn,MI
534,Laura,Welch,11/28/1977,388-78-2774,6530 Ludington Avenue,80920,Colorado Springs,CO
535,Irene,Arnold,3/4/1917,501-11-6103,2468 Dakota Drive,77245,Houston,TX
536,Martin,Fox,4/28/1972,142-85-6050,98552 Butternut Circle,75251,Dallas,TX
537,William,Sims,4/24/1948,178-44-8677,524 Canary Avenue,80945,Colorado Springs,CO
538,Jonathan,Howard,6/30/1973,376-72-9707,99474 Dixon Point,75342,Dallas,TX
539,David,Arnold,10/31/1994,576-75-8457,108 Tony Street,14604,Rochester,NY
540,Keith,Coleman,11/9/2014,579-16-5364,4363 Hayes Terrace,65805,Springfield,MO
541,Henry,Brooks,8/20/1988,190-87-3067,316 Debra Pass,70142,New Orleans,LA
542,Ryan,Ray,9/2/1988,139-05-0266,485 Tony Avenue,80045,Aurora,CO
543,Sean,Kennedy,3/20/1947,543-25-5974,92042 Prentice Pass,30368,Atlanta,GA
544,Janice,Porter,5/27/1962,172-32-4064,7 Golf Course Court,33233,Miami,FL
545,Robert,Freeman,9/18/1934,549-07-2125,986 Pepper Wood Street,22903,Charlottesville,VA
546,Denise,Gray,9/16/1938,416-94-4072,80 Kennedy Point,31605,Valdosta,GA
547,Willie,Stanley,6/28/1932,421-26-8277,10 Shoshone Pass,33763,Clearwater,FL
548,Kimberly,Gonzales,1/5/1955,673-23-0840,0856 Vermont Court,76796,Waco,TX
549,Kathryn,Wilson,7/29/1934,196-87-4814,891 Doe Crossing Center,19605,Reading,PA
550,Jack,Coleman,12/29/1945,631-17-0902,007 Namekagon Alley,37914,Knoxville,TN
551,Kenneth,Gardner,5/28/1927,195-30-9006,523 Hanover Alley,10249,New York City,NY
552,Michelle,Cunningham,4/5/1930,168-12-4762,301 3rd Trail,85284,Tempe,AZ
553,Diane,Daniels,1/20/1927,641-55-7073,54715 Kinsman Crossing,70116,New Orleans,LA
554,Sarah,Shaw,3/8/2002,838-88-1180,46 Dapin Court,28263,Charlotte,NC
555,Janice,Williamson,10/12/1967,176-20-0783,1060 Glacier Hill Plaza,60636,Chicago,IL
556,Dennis,Richards,3/15/1982,415-60-9970,556 Randy Plaza,48258,Detroit,MI
557,Joseph,Ruiz,5/26/1974,497-01-9278,368 Kipling Crossing,60691,Chicago,IL
558,Charles,Jackson,6/8/1954,962-48-7575,13969 Dottie Parkway,95813,Sacramento,CA
559,Jennifer,Long,6/14/1931,255-07-7758,46 Bluejay Pass,44511,Youngstown,OH
560,Wayne,Marshall,10/11/1938,478-17-5789,0822 Springs Crossing,17405,York,PA
561,Nicholas,Stone,1/4/1936,130-48-8272,68 Orin Point,32819,Orlando,FL
562,Nicole,Nelson,1/31/1930,906-72-7573,83088 Lukken Place,32505,Pensacola,FL
563,Gerald,Fowler,4/8/1931,621-53-4110,25 Paget Junction,55557,Young America,MN
564,Frank,Snyder,11/4/1954,211-39-2796,64606 Mcbride Avenue,40215,Louisville,KY
565,Evelyn,Sanders,1/8/1968,258-37-6833,3 Namekagon Plaza,20520,Washington,DC
566,Diane,Roberts,1/9/1931,703-77-5725,631 Kings Place,48258,Detroit,MI
567,Christina,Fox,10/28/1935,742-16-0378,55 Charing Cross Drive,06538,New Haven,CT
568,Patricia,Rice,1/9/1943,372-67-1508,9203 Summit Pass,27415,Greensboro,NC
569,Gloria,Stanley,8/11/1962,237-41-9127,83974 Prairie Rose Park,65805,Springfield,MO
570,Diane,Mccoy,12/8/1952,638-07-8477,5 Loftsgordon Hill,23504,Norfolk,VA
571,George,Simmons,2/20/1918,360-58-0885,9705 Harbort Center,23605,Newport News,VA
572,Kathryn,Dean,8/22/1916,464-95-6428,748 Toban Street,92805,Anaheim,CA
573,Samuel,Hughes,2/5/1976,577-65-2447,0 Fuller Junction,65810,Springfield,MO
574,Teresa,Johnston,8/7/1916,804-12-1889,76 Briar Crest Pass,63143,Saint Louis,MO
575,Mildred,Taylor,9/29/1923,216-35-2629,9551 Hansons Lane,91186,Pasadena,CA
576,Joan,Carr,9/15/1930,971-38-6016,645 Bellgrove Court,47737,Evansville,IN
577,Margaret,Parker,10/12/1943,674-33-6326,520 Warrior Lane,23612,Newport News,VA
578,Matthew,Griffin,10/15/1998,787-81-5434,31049 Ramsey Trail,89012,Henderson,NV
579,Adam,Kelley,3/26/2009,595-40-3614,3 Memorial Center,85062,Phoenix,AZ
580,Kathy,Long,12/4/1953,138-83-5866,0 Bellgrove Plaza,08608,Trenton,NJ
581,Judy,Johnston,11/30/1957,892-72-2933,1602 Dakota Circle,31136,Atlanta,GA
582,Patricia,Spencer,7/20/1969,601-86-6202,2 Trailsway Way,95108,San Jose,CA
583,Chris,Williams,12/20/1916,416-60-4980,09819 Emmet Court,20260,Washington,DC
584,Jimmy,Allen,9/30/1940,543-84-9477,2 Judy Plaza,20078,Washington,DC
585,Jennifer,Grant,3/6/1916,792-66-8182,9107 3rd Trail,22225,Arlington,VA
586,Diana,Patterson,1/23/1993,468-94-8734,250 Lerdahl Court,75210,Dallas,TX
587,Arthur,Johnston,10/5/2002,705-58-4149,5 Dryden Parkway,32575,Pensacola,FL
588,Frances,Coleman,10/3/2010,301-31-6762,37591 Montana Alley,25336,Charleston,WV
589,Steve,Diaz,8/24/1948,291-21-0513,8249 Knutson Parkway,80243,Denver,CO
590,Larry,Stone,10/8/1930,148-28-4563,8400 Dennis Court,79188,Amarillo,TX
591,Ernest,Cruz,7/16/1920,863-71-9803,70 Monica Crossing,93305,Bakersfield,CA
592,Ronald,Morgan,6/2/1955,170-48-0406,182 Pepper Wood Hill,89155,Las Vegas,NV
593,Samuel,Fisher,8/15/1934,980-70-4257,84 Sunbrook Point,14205,Buffalo,NY
594,Arthur,Hicks,1/2/1932,119-50-9985,17 Pepper Wood Hill,33018,Hialeah,FL
595,Phillip,Long,5/28/1928,388-17-4385,309 Sunnyside Hill,24024,Roanoke,VA
596,Irene,Jones,1/10/1950,667-67-3424,5 Jackson Terrace,80126,Littleton,CO
597,Bobby,Harris,4/10/1958,513-15-6932,620 Maple Avenue,43699,Toledo,OH
598,Robin,Freeman,6/12/1994,133-87-6262,78868 Ridgeway Trail,79188,Amarillo,TX
599,Thomas,Perez,7/26/1997,263-95-7457,7 Kennedy Alley,91205,Glendale,CA
600,Victor,Carr,2/10/1994,330-66-3095,59 Butterfield Plaza,33954,Port Charlotte,FL
601,Earl,Parker,9/2/1952,238-96-1672,21802 Arizona Way,63150,Saint Louis,MO
602,Christine,Chapman,12/27/1944,192-62-3567,1 Park Meadow Plaza,53285,Milwaukee,WI
603,Stephanie,Jordan,2/22/1978,647-53-5916,94127 Gina Street,23237,Richmond,VA
604,Sharon,Frazier,10/14/1993,743-78-9470,3 Delaware Terrace,66210,Shawnee Mission,KS
605,Walter,Bryant,2/4/1935,153-98-3399,1 Graceland Alley,77020,Houston,TX
606,George,Jackson,2/27/1967,977-94-2277,909 Northfield Hill,55103,Saint Paul,MN
607,Sarah,Harrison,6/26/1984,754-27-1138,24132 Northport Circle,79950,El Paso,TX
608,Ralph,Meyer,6/15/1969,833-69-8668,76964 Brown Plaza,23504,Norfolk,VA
609,Kathy,Pierce,9/27/1925,200-73-8513,68 Steensland Crossing,45490,Dayton,OH
610,Annie,Allen,1/16/1954,872-07-3446,4 Farmco Crossing,67230,Wichita,KS
611,Christopher,Mitchell,9/3/2015,618-61-1145,9159 Blue Bill Park Terrace,94207,Sacramento,CA
612,Shawn,Ramirez,8/17/1981,960-91-2845,88680 Tennyson Park,29240,Columbia,SC
613,Shirley,Hanson,4/26/1960,511-44-5951,03283 Schlimgen Place,91606,North Hollywood,CA
614,Angela,Frazier,11/13/1932,196-37-1739,92 Mayfield Street,36689,Mobile,AL
615,Mary,Burke,10/18/1988,907-80-6207,789 Bluestem Hill,53726,Madison,WI
616,Larry,Oliver,6/4/1981,328-24-2537,858 Logan Circle,68531,Lincoln,NE
617,Kenneth,Butler,7/29/1922,987-72-7310,44 Bayside Terrace,51110,Sioux City,IA
618,Brenda,Mccoy,12/15/1997,810-29-1058,06333 Hooker Center,20546,Washington,DC
619,Sandra,Wright,10/1/1943,510-73-5709,36 Toban Trail,21275,Baltimore,MD
620,Rebecca,Coleman,11/20/1998,425-42-8890,3544 Melby Circle,64109,Kansas City,MO
621,Douglas,Kelley,5/24/1937,224-32-6691,31865 Dennis Alley,48670,Midland,MI
622,Nicole,Austin,7/28/1943,437-38-8655,8 Killdeer Pass,88006,Las Cruces,NM
623,Brian,Cunningham,6/16/1936,161-48-5116,26 Armistice Court,76115,Fort Worth,TX
624,Jerry,West,10/28/1937,602-45-4966,1 Ruskin Road,43699,Toledo,OH
625,Gregory,Jackson,1/24/1930,742-83-0392,80618 Red Cloud Court,70165,New Orleans,LA
626,Eric,Bishop,8/5/1960,199-30-6558,74 Luster Crossing,89150,Las Vegas,NV
627,Helen,Edwards,5/1/1999,558-69-8516,1370 Summer Ridge Court,50936,Des Moines,IA
628,Paula,Burns,3/29/2001,394-33-7016,4613 Hanson Pass,94116,San Francisco,CA
629,Walter,Mitchell,10/13/1955,593-96-1193,07 Southridge Trail,20420,Washington,DC
630,Debra,Wheeler,12/16/1994,530-51-4011,39 Doe Crossing Terrace,75277,Dallas,TX
631,Kathleen,Rivera,6/9/2006,742-28-9032,0 Badeau Point,92170,San Diego,CA
632,Teresa,Larson,8/9/1989,488-07-2361,730 Knutson Center,71105,Shreveport,LA
633,Daniel,Sanchez,4/7/1948,560-79-6873,92 Butternut Way,02114,Boston,MA
634,Steven,Bailey,12/8/2006,386-06-0370,752 Loomis Hill,19131,Philadelphia,PA
635,Earl,Moore,9/10/2006,606-74-5533,725 Kings Hill,06505,New Haven,CT
636,Ann,Cruz,3/29/2008,156-48-9921,55106 Anhalt Circle,91841,Alhambra,CA
637,Julie,Jenkins,12/17/1998,135-72-2003,24 Morningstar Road,33283,Miami,FL
638,James,Nelson,1/10/1934,491-23-1060,6458 Rusk Point,55172,Saint Paul,MN
639,Wayne,Lawson,9/23/1983,225-35-3783,74761 Park Meadow Crossing,55446,Minneapolis,MN
640,Joseph,Freeman,4/19/1959,908-55-7289,91 Bultman Way,37215,Nashville,TN
641,Pamela,Gardner,7/3/2001,287-44-0906,55 Orin Circle,29424,Charleston,SC
642,Rachel,Martinez,3/3/1940,592-58-7352,6 Union Crossing,21211,Baltimore,MD
643,Frances,Stanley,8/15/1935,355-94-0707,682 Hanson Street,24009,Roanoke,VA
644,Sandra,Murray,1/31/1979,664-40-1769,36 Mccormick Road,10004,New York City,NY
645,Robert,Morales,11/6/1975,219-74-6986,1 Maple Road,11854,Hicksville,NY
646,Jimmy,Walker,11/27/1982,786-76-9475,13 Monument Trail,10045,New York City,NY
647,Walter,Powell,6/30/2006,920-99-3645,133 Park Meadow Park,20226,Washington,DC
648,Christina,Williamson,11/11/1993,975-19-5670,4 Moose Parkway,85099,Phoenix,AZ
649,Karen,Fuller,10/31/1975,518-53-8602,5760 Kensington Circle,55436,Minneapolis,MN
650,Cynthia,Reed,6/11/1930,280-22-4382,490 Roth Junction,08619,Trenton,NJ
651,Ruth,Morris,10/29/1975,266-03-1307,905 Lighthouse Bay Circle,79116,Amarillo,TX
652,Richard,Woods,9/26/1925,162-52-7481,46 Talisman Center,22234,Arlington,VA
653,Diana,Rodriguez,3/27/1919,601-39-7982,63831 Melrose Park,74126,Tulsa,OK
654,Patrick,Nguyen,9/14/1953,294-00-1554,257 Pond Plaza,46805,Fort Wayne,IN
655,Angela,Carpenter,6/18/2008,309-80-3662,4453 Washington Crossing,85210,Mesa,AZ
656,Bruce,Green,2/16/1997,987-77-0098,10121 Rigney Plaza,45403,Dayton,OH
657,Rachel,Jackson,10/24/1956,283-45-0635,56 Elka Street,77260,Houston,TX
658,Benjamin,Hall,3/24/1970,670-57-5725,2572 Stuart Pass,66611,Topeka,KS
659,Thomas,Hawkins,4/4/1999,671-64-1709,77 Maywood Parkway,01905,Lynn,MA
660,Jean,Lawrence,4/20/1949,699-24-0262,8 Hintze Place,76110,Fort Worth,TX
661,Anne,Hawkins,9/11/2013,651-19-8374,56728 Monica Park,22119,Merrifield,VA
662,Susan,Brown,9/24/1979,130-58-3416,31 Oxford Terrace,08603,Trenton,NJ
663,Jimmy,Robinson,11/1/2001,860-34-7281,0 Birchwood Way,12227,Albany,NY
664,Carlos,Murphy,10/6/1919,707-27-1851,23704 Eastwood Plaza,08922,New Brunswick,NJ
665,Jean,Howard,3/29/1928,874-86-5377,822 Ronald Regan Terrace,60614,Chicago,IL
666,Ashley,Woods,7/24/1991,969-55-7297,8633 Canary Hill,61110,Rockford,IL
667,Keith,Gonzalez,11/19/1927,283-79-0070,89155 Glacier Hill Hill,31998,Columbus,GA
668,Todd,Bradley,2/27/2007,292-19-3600,925 Muir Place,14233,Buffalo,NY
669,Ruby,Hanson,3/7/1937,431-62-0626,52179 Tennessee Alley,44393,Akron,OH
670,Paul,Richardson,10/18/1944,551-03-1574,60695 Delladonna Avenue,63196,Saint Louis,MO
671,Angela,Evans,1/18/2014,386-66-7345,373 Fremont Plaza,84130,Salt Lake City,UT
672,Nicholas,Franklin,10/11/1924,518-61-0964,3 Hermina Street,25313,Charleston,WV
673,Raymond,Young,2/12/1918,921-96-4283,03648 Stuart Crossing,33124,Miami,FL
674,Marie,Rice,5/28/1926,900-99-2617,29436 Basil Circle,27415,Greensboro,NC
675,Maria,Richards,7/12/1957,891-50-7066,60 Melby Crossing,90010,Los Angeles,CA
676,Sara,Alexander,4/5/1966,353-91-6087,5 Corscot Terrace,92725,Santa Ana,CA
677,Kevin,Robinson,11/5/1990,146-85-3696,4501 Fordem Hill,30351,Atlanta,GA
678,Michelle,Ray,3/25/1985,123-88-4422,5500 Red Cloud Road,37924,Knoxville,TN
679,Kathleen,Pierce,2/13/1945,786-89-9984,9842 Sachtjen Way,08650,Trenton,NJ
680,Jennifer,Gomez,7/26/1934,214-10-4562,2095 Comanche Terrace,70129,New Orleans,LA
681,Howard,Lawson,3/2/1924,244-85-1200,436 School Circle,75210,Dallas,TX
682,Samuel,Harrison,3/13/1952,803-48-5655,9 Northwestern Plaza,72916,Fort Smith,AR
683,Henry,Gonzales,7/26/1997,359-18-5875,05 Heffernan Alley,40591,Lexington,KY
684,Johnny,Stone,11/9/1956,966-55-8686,804 Anderson Court,33625,Tampa,FL
685,Samuel,Reed,7/25/1937,808-44-4275,037 1st Place,55446,Minneapolis,MN
686,Joan,Moore,4/4/1949,840-73-1045,8 Ramsey Way,55585,Monticello,MN
687,Norma,Fuller,7/13/1992,810-55-7865,71 Bowman Hill,78220,San Antonio,TX
688,Sandra,Wood,3/5/1941,689-74-4407,804 Merry Place,30336,Atlanta,GA
689,Katherine,Payne,9/22/1930,138-87-9692,79 Shasta Drive,06510,New Haven,CT
690,Benjamin,Jordan,12/1/1953,843-76-2282,76831 Roth Center,33175,Miami,FL
691,Joshua,Greene,12/22/1938,925-18-5065,4 Farwell Drive,40505,Lexington,KY
692,Judy,Berry,9/28/1975,450-24-8862,991 Nevada Lane,92415,San Bernardino,CA
693,Eugene,Tucker,8/18/1960,235-32-9292,322 Grasskamp Trail,66220,Shawnee Mission,KS
694,Evelyn,Mcdonald,5/4/1927,548-94-3120,46 Darwin Way,94291,Sacramento,CA
695,Gregory,Gonzales,8/7/1925,464-24-6514,4 Jana Park,95118,San Jose,CA
696,Douglas,Sims,2/23/1951,811-21-8691,69847 Loeprich Alley,38114,Memphis,TN
697,John,Brown,7/21/1939,342-62-3227,915 North Crossing,50936,Des Moines,IA
698,Ruby,Woods,2/15/1943,872-92-1494,6944 Moulton Park,85720,Tucson,AZ
699,Robin,Weaver,3/8/1942,178-89-5882,68440 Troy Road,18505,Scranton,PA
700,Raymond,Johnson,12/1/1947,141-91-2044,6829 Lakewood Gardens Drive,93005,Ventura,CA
701,Melissa,White,3/17/1932,170-17-6009,44516 Hudson Avenue,30340,Atlanta,GA
702,Mildred,Wilson,12/19/2003,914-20-5743,8 Bultman Avenue,13224,Syracuse,NY
703,Julie,Williams,7/15/1979,189-78-6549,0 Starling Terrace,95894,Sacramento,CA
704,Charles,Stone,8/16/1953,601-79-1559,54290 Glendale Point,68105,Omaha,NE
705,Pamela,Lawson,1/20/1995,445-07-8053,88665 Crescent Oaks Circle,83727,Boise,ID
706,Kathy,Larson,11/11/2015,306-38-7623,9 Springview Point,60646,Chicago,IL
707,Theresa,Howell,8/25/1969,650-36-3535,96812 Prairieview Trail,25362,Charleston,WV
708,Brian,Gibson,10/2/1928,224-80-2741,3 Ohio Alley,07104,Newark,NJ
709,Carl,Moore,6/15/1964,233-37-6892,792 Armistice Way,20205,Washington,DC
710,Ruth,Alexander,1/26/1929,101-76-2458,74609 Utah Circle,95113,San Jose,CA
711,Laura,Ramirez,1/28/1953,703-28-7410,81 Buhler Avenue,19125,Philadelphia,PA
712,Keith,Fowler,3/3/2005,138-05-8756,366 Alpine Terrace,10019,New York City,NY
713,Lillian,Freeman,5/16/1961,486-82-8997,6 South Lane,95210,Stockton,CA
714,Christina,Anderson,11/10/1988,429-09-0902,96 Pennsylvania Court,10310,Staten Island,NY
715,Jean,Butler,9/7/1920,301-29-4394,2215 4th Court,49048,Kalamazoo,MI
716,Gerald,Roberts,11/1/1915,999-69-8454,0457 Anderson Center,93291,Visalia,CA
717,Emily,Edwards,2/21/2001,261-72-6894,29991 Sundown Trail,89036,North Las Vegas,NV
718,Ernest,Chavez,6/13/1921,484-66-1743,06443 Loftsgordon Circle,01152,Springfield,MA
719,Jeffrey,Perkins,6/4/1935,297-23-1465,13 Declaration Plaza,90398,Inglewood,CA
720,Anthony,Anderson,1/4/1933,108-74-9609,6 Erie Court,30245,Lawrenceville,GA
721,Cynthia,Morrison,12/19/1997,613-85-4106,95164 Laurel Court,33777,Largo,FL
722,Donald,Brown,1/10/1989,624-43-0318,71 Emmet Junction,40591,Lexington,KY
723,Pamela,Harper,9/16/1939,549-30-8627,4781 Sutherland Pass,54313,Green Bay,WI
724,William,Rodriguez,2/14/1985,508-46-6561,43 Becker Crossing,23454,Virginia Beach,VA
725,Christine,Henry,10/9/2004,621-39-5550,2 Lien Trail,89519,Reno,NV
726,Barbara,Castillo,12/9/1941,563-58-5365,4 Fisk Street,94302,Palo Alto,CA
727,Bruce,Long,9/25/1991,500-47-5828,65130 Del Sol Terrace,75241,Dallas,TX
728,Randy,Rice,9/4/1983,493-70-0630,14067 Springview Center,87121,Albuquerque,NM
729,Bobby,Gonzales,6/9/2005,830-46-7580,6 Springview Place,97221,Portland,OR
730,Carolyn,Berry,9/24/1946,580-00-4010,09514 Jay Alley,94660,Oakland,CA
731,Gloria,Richards,1/23/1994,610-54-5809,9075 Logan Plaza,77005,Houston,TX
732,Larry,Cunningham,7/3/1926,693-79-3513,90 Clyde Gallagher Street,33805,Lakeland,FL
733,Jason,Shaw,11/17/1943,247-82-1166,00243 Sutherland Alley,33147,Miami,FL
734,Linda,Knight,2/17/1969,450-53-6744,01 Pennsylvania Way,06705,Waterbury,CT
735,Eugene,Lynch,3/4/1976,905-49-5168,93 Leroy Terrace,57193,Sioux Falls,SD
736,Roy,Gardner,5/1/1963,698-95-2405,55024 Ridge Oak Junction,93094,Simi Valley,CA
737,Antonio,Hansen,4/24/1945,719-24-2295,51492 Dahle Drive,94297,Sacramento,CA
738,Diane,Walker,1/1/1988,968-51-9753,8 Everett Place,94291,Sacramento,CA
739,Fred,Cox,8/17/2011,771-86-0910,06606 Lerdahl Park,75260,Dallas,TX
740,Donald,Myers,11/9/2009,713-02-4716,4348 Shoshone Place,01129,Springfield,MA
741,Kenneth,Henry,7/23/2003,890-92-7789,076 Meadow Vale Center,40586,Lexington,KY
742,Henry,Ramirez,3/19/1996,264-77-4114,350 Union Avenue,80126,Littleton,CO
743,Nicole,Rogers,3/3/1974,249-05-1571,261 International Parkway,23520,Norfolk,VA
744,Adam,Hill,7/11/1928,824-85-2447,2 Barnett Lane,46216,Indianapolis,IN
745,Jose,Thomas,11/7/1962,540-67-9474,56496 Menomonie Street,24024,Roanoke,VA
746,Doris,Bowman,7/17/1980,152-23-8623,2 Division Trail,80279,Denver,CO
747,Rachel,Franklin,5/8/1934,877-71-2361,0 Bultman Avenue,10165,New York City,NY
748,Kevin,Wright,8/5/1919,110-92-9044,557 Burning Wood Terrace,71161,Shreveport,LA
749,Brenda,Hayes,2/11/1916,314-13-4544,7 Jana Circle,27615,Raleigh,NC
750,Scott,Freeman,4/29/2011,731-92-7599,48681 Chinook Junction,19104,Philadelphia,PA
751,Donna,Ferguson,2/21/1962,935-25-9459,03099 Beilfuss Terrace,55811,Duluth,MN
752,Keith,Cunningham,3/16/1961,622-48-6221,05914 Bellgrove Plaza,20918,Silver Spring,MD
753,Daniel,Evans,5/15/2014,306-77-9218,297 Westend Place,53790,Madison,WI
754,Bonnie,Hanson,11/17/1980,951-82-3185,447 Northland Plaza,92127,San Diego,CA
755,Julie,Freeman,11/18/1921,513-56-4205,8754 Ludington Drive,80638,Greeley,CO
756,Christopher,Collins,6/21/1934,988-25-9550,8641 Pepper Wood Plaza,28272,Charlotte,NC
757,Jimmy,Gonzales,4/12/1918,687-16-6382,81695 Scoville Lane,77223,Houston,TX
758,Frank,Sullivan,2/4/1933,755-82-4893,5450 Myrtle Lane,55565,Monticello,MN
759,Antonio,Peters,8/26/1948,225-84-5194,1 Longview Parkway,78726,Austin,TX
760,Gerald,Gardner,7/5/1964,274-77-4389,0066 Fieldstone Lane,85383,Peoria,AZ
761,Nicole,Coleman,4/25/1972,473-74-9558,23 Dapin Road,85284,Tempe,AZ
762,Lori,Moreno,9/6/2012,575-92-7913,93 Main Road,40524,Lexington,KY
763,Andrea,Schmidt,5/10/2015,396-82-4342,5465 Becker Way,20414,Washington,DC
764,Jessica,Gomez,8/2/2008,531-75-4306,191 Dakota Court,77045,Houston,TX
765,Marie,Castillo,1/7/1919,557-63-4752,90619 Marcy Way,32244,Jacksonville,FL
766,Donna,Reynolds,8/20/2012,547-82-2179,4 Valley Edge Road,90189,Los Angeles,CA
767,Margaret,Morris,8/18/1989,143-26-4981,37129 Artisan Crossing,39296,Jackson,MS
768,Matthew,Weaver,5/9/1974,131-19-1519,25 Prairie Rose Avenue,53205,Milwaukee,WI
769,Christina,Meyer,10/31/1936,694-45-1834,0 Oakridge Road,12227,Albany,NY
770,Martin,Ryan,8/26/1991,484-07-8928,4 Oak Junction,90050,Los Angeles,CA
771,Jessica,Mills,12/31/1973,880-05-9797,49 5th Terrace,79934,El Paso,TX
772,Peter,Lynch,2/10/1917,212-10-5848,696 Birchwood Parkway,35225,Birmingham,AL
773,Frank,Hart,6/2/1958,651-68-1539,640 Thackeray Court,23203,Richmond,VA
774,Christine,Berry,2/13/1989,893-17-1419,6796 Comanche Junction,63150,Saint Louis,MO
775,Julie,Webb,10/26/1943,790-14-1133,107 Ridgeview Plaza,27105,Winston Salem,NC
776,Beverly,Patterson,12/3/1922,566-82-2327,170 Milwaukee Way,96154,South Lake Tahoe,CA
777,Henry,Sanchez,7/11/1947,634-90-0743,672 Lerdahl Center,10045,New York City,NY
778,Julia,Jacobs,11/21/1968,471-86-7420,25 Bonner Place,20580,Washington,DC
779,Peter,Allen,1/26/1938,379-07-6739,8 Moland Trail,11431,Jamaica,NY
780,Alice,Pierce,6/21/1916,871-12-3775,20274 Linden Parkway,01654,Worcester,MA
781,Amy,James,1/19/1971,792-57-8091,2 Everett Junction,19714,Newark,DE
782,Ralph,Bradley,7/19/2015,164-03-8719,075 Badeau Center,33336,Fort Lauderdale,FL
783,Brandon,Hawkins,9/18/1996,644-25-1855,5048 Spenser Place,76505,Temple,TX
784,Harry,Gibson,5/5/1940,959-09-5529,6272 Brown Alley,18514,Scranton,PA
785,Peter,Oliver,2/5/2003,234-85-0757,21506 Bultman Hill,53215,Milwaukee,WI
786,Jason,Harris,5/16/1920,752-72-3116,20047 Thackeray Drive,75185,Mesquite,TX
787,Julia,Jordan,5/30/1927,697-20-6856,5 Aberg Court,87110,Albuquerque,NM
788,Donna,Wright,10/5/1962,908-22-4097,60018 Porter Terrace,89036,North Las Vegas,NV
789,Frank,Cunningham,10/13/1983,830-40-7537,850 Dottie Road,34643,Largo,FL
790,Kathryn,Jenkins,7/27/2001,156-94-5778,06 Donald Circle,23208,Richmond,VA
791,Walter,Burns,10/17/1955,897-60-5736,31 Onsgard Crossing,31416,Savannah,GA
792,Kelly,Hicks,11/3/1970,272-79-7339,74494 Merchant Way,44505,Youngstown,OH
793,Frank,Porter,7/19/1977,641-45-6357,990 Monica Center,75277,Dallas,TX
794,Chris,Wilson,9/9/1922,518-18-4963,94921 Bay Point,10469,Bronx,NY
795,Ralph,Williams,12/15/1951,570-27-3386,11 Havey Park,11470,Jamaica,NY
796,Ashley,Patterson,12/18/1928,163-30-9773,125 Schlimgen Avenue,53205,Milwaukee,WI
797,Willie,Black,5/18/1957,746-77-2305,3367 International Court,38119,Memphis,TN
798,Jesse,Watson,10/31/1941,974-03-9932,065 Truax Way,49544,Grand Rapids,MI
799,Norma,Bennett,3/10/1998,718-19-7771,76311 Little Fleur Alley,75323,Dallas,TX
800,Mildred,Willis,7/11/1959,365-03-4844,3 Straubel Road,25305,Charleston,WV
801,Nicole,Ruiz,11/16/1999,867-89-8119,9 Center Lane,33069,Pompano Beach,FL
802,Norma,Sanchez,5/10/1928,971-19-1587,8569 Banding Drive,85215,Mesa,AZ
803,Daniel,Dean,7/1/1958,217-00-0746,621 Golf Drive,94616,Oakland,CA
804,Judy,Bailey,5/30/1923,851-43-6495,013 Daystar Plaza,76134,Fort Worth,TX
805,Doris,Knight,10/14/1951,453-18-6002,0 Hudson Circle,34135,Bonita Springs,FL
806,Heather,Sims,1/14/1929,641-52-9971,5 Delladonna Way,10125,New York City,NY
807,Marilyn,Coleman,11/22/1957,504-85-9886,84048 Sunfield Junction,72231,Little Rock,AR
808,Angela,Garza,10/20/1925,866-03-1074,07337 Forest Run Center,28272,Charlotte,NC
809,Kelly,Phillips,3/6/1979,562-03-7253,77790 Dorton Point,83711,Boise,ID
810,Eugene,Tucker,1/16/2006,793-66-0976,0 Badeau Way,85053,Phoenix,AZ
811,Harry,Simmons,5/15/1956,717-79-9674,9 Memorial Center,12210,Albany,NY
812,Teresa,Hudson,4/6/1929,314-72-7938,10199 Evergreen Avenue,95205,Stockton,CA
813,Jason,Reyes,6/18/2000,166-43-4888,8 North Hill,97255,Portland,OR
814,Harold,Tucker,5/15/1999,848-02-2539,71 Farwell Point,92132,San Diego,CA
815,Teresa,Moore,9/8/1974,421-73-8282,810 Harbort Circle,85072,Phoenix,AZ
816,Todd,Stewart,3/7/1930,777-07-1291,4807 Beilfuss Hill,29225,Columbia,SC
817,Walter,Hunter,6/25/1931,222-97-7428,75 Ridgeview Junction,96840,Honolulu,HI
818,Deborah,Wright,7/8/1976,786-63-7796,3871 Sauthoff Plaza,30061,Marietta,GA
819,Elizabeth,Roberts,8/22/1962,685-52-4742,2 Autumn Leaf Drive,55579,Maple Plain,MN
820,Pamela,Stewart,1/21/1987,118-19-9483,01 Russell Avenue,95823,Sacramento,CA
821,Terry,Patterson,8/10/1980,125-31-2461,73 Bobwhite Avenue,45296,Cincinnati,OH
822,Aaron,Allen,9/20/2004,585-01-9479,3784 Starling Hill,31410,Savannah,GA
823,Edward,Burton,12/1/1950,497-38-0871,25142 Comanche Terrace,48206,Detroit,MI
824,Jeremy,Taylor,8/26/1927,492-97-3354,412 Anniversary Center,52405,Cedar Rapids,IA
825,Margaret,Harper,9/21/1940,881-10-7463,147 Springs Avenue,85754,Tucson,AZ
826,Patrick,Richards,6/13/1993,909-11-3697,9840 Bayside Center,90060,Los Angeles,CA
827,Cynthia,Berry,2/16/1974,679-30-7730,933 Eastlawn Terrace,80310,Boulder,CO
828,Julie,Diaz,10/6/1984,349-45-8871,5273 Warner Pass,90040,Los Angeles,CA
829,Andrew,Mills,1/8/1949,301-85-9765,130 American Ash Alley,79916,El Paso,TX
830,Jeremy,Cunningham,7/14/1938,764-37-3993,651 Daystar Park,19897,Wilmington,DE
831,Eric,Wood,5/20/1920,835-69-4979,16 Oriole Hill,38109,Memphis,TN
832,William,Torres,11/4/1956,676-86-6861,047 Alpine Court,98907,Yakima,WA
833,Frances,Armstrong,1/20/1926,851-69-1586,38382 La Follette Crossing,45020,Hamilton,OH
834,Virginia,Payne,4/20/1967,759-14-2687,010 Cherokee Circle,87592,Santa Fe,NM
835,Andrew,Kennedy,4/7/1981,175-32-3975,53763 Springs Court,88589,El Paso,TX
836,Michelle,Peters,2/27/2010,945-91-7454,17 Lakeland Drive,96810,Honolulu,HI
837,Ruth,Stone,1/9/1947,843-20-8577,77 Green Ridge Terrace,94273,Sacramento,CA
838,Katherine,Reed,6/5/1990,549-71-4157,79 Butternut Center,60158,Carol Stream,IL
839,Virginia,Marshall,2/27/1998,283-85-8002,7 Sutteridge Center,33320,Fort Lauderdale,FL
840,Richard,Peters,1/29/1941,919-69-3653,33 Roth Court,46805,Fort Wayne,IN
841,Todd,Reid,1/1/1915,151-58-0817,66 Summit Road,77020,Houston,TX
842,Annie,Simpson,12/11/1996,884-06-7473,80 Calypso Place,35290,Birmingham,AL
843,Melissa,James,3/4/1925,675-19-6792,46803 Glendale Court,71914,Hot Springs National Park,AR
844,Ruth,Long,3/15/1920,900-94-6961,53267 Weeping Birch Place,37931,Knoxville,TN
845,Eugene,Ramirez,6/7/1948,367-54-7127,9 Nelson Circle,85732,Tucson,AZ
846,Stephen,Reed,5/6/1956,634-60-7507,92586 Dixon Place,33330,Fort Lauderdale,FL
847,Donald,Fisher,8/31/1956,647-42-6249,1160 Clarendon Park,73104,Oklahoma City,OK
848,Henry,Phillips,5/3/1990,485-55-0385,24942 Warner Avenue,35805,Huntsville,AL
849,Phillip,Bowman,8/14/1978,697-10-9771,1 Carpenter Lane,21265,Baltimore,MD
850,Maria,Carroll,7/24/1987,894-36-1838,27 8th Pass,23242,Richmond,VA
851,Edward,Vasquez,12/27/2004,468-62-9610,1 Grasskamp Junction,46614,South Bend,IN
852,Willie,Adams,1/24/2013,367-41-0155,540 Grover Way,13505,Utica,NY
853,William,Davis,1/25/1934,728-30-8335,51 Weeping Birch Plaza,45426,Dayton,OH
854,Douglas,Lane,9/3/1915,960-50-1276,6 Packers Court,33954,Port Charlotte,FL
855,Mildred,Powell,7/9/1970,879-73-5955,408 Esker Plaza,87505,Santa Fe,NM
856,Wanda,Harvey,8/24/1970,758-05-3481,3723 Portage Hill,80228,Denver,CO
857,Elizabeth,Allen,1/18/1999,386-79-7232,9 2nd Crossing,85219,Apache Junction,AZ
858,Linda,Harrison,12/9/1931,875-24-3173,0 Bunting Hill,80940,Colorado Springs,CO
859,Chris,Richards,2/21/1982,360-39-4804,53777 Mariners Cove Way,51105,Sioux City,IA
860,Bonnie,Owens,8/11/1991,455-35-0810,18 Buena Vista Circle,21239,Baltimore,MD
861,Bonnie,Jenkins,9/23/1924,539-01-1069,3 Drewry Park,80920,Colorado Springs,CO
862,Henry,Rodriguez,9/16/1957,241-37-5074,48 Northview Parkway,31165,Atlanta,GA
863,Christine,Torres,9/24/2005,195-32-6965,4 Hauk Drive,83727,Boise,ID
864,Earl,Gutierrez,4/8/1979,284-11-1334,4 Logan Junction,28278,Charlotte,NC
865,Laura,Ruiz,2/2/2013,156-56-4207,4 Schlimgen Trail,19196,Philadelphia,PA
866,Andrea,Watkins,4/20/1978,735-94-9068,10 Chinook Parkway,36125,Montgomery,AL
867,Sandra,Alexander,12/1/1916,504-46-5478,09 Fair Oaks Avenue,76115,Fort Worth,TX
868,Julie,Edwards,8/4/1953,343-34-4525,47254 Moulton Trail,30323,Atlanta,GA
869,Arthur,Gomez,12/2/1949,176-86-7163,419 Londonderry Road,48242,Detroit,MI
870,Kathleen,Mendoza,12/25/1991,792-85-8837,66 Forest Run Plaza,88546,El Paso,TX
871,Ronald,Duncan,9/3/1987,933-70-0780,2 Becker Point,85271,Scottsdale,AZ
872,Wayne,Stephens,11/10/1982,465-71-5275,32 Shasta Hill,19131,Philadelphia,PA
873,Michelle,Bowman,11/26/1984,934-66-5943,22633 Lakewood Terrace,66225,Shawnee Mission,KS
874,Wayne,Sims,4/19/1922,951-04-6952,96 Prairieview Point,28205,Charlotte,NC
875,Tammy,Barnes,6/23/1926,190-10-0239,2019 Aberg Avenue,78230,San Antonio,TX
876,Kathy,Schmidt,12/4/1940,809-40-8678,0864 Stang Lane,68144,Omaha,NE
877,Laura,Knight,3/20/1955,908-49-1945,56660 Bartillon Crossing,74156,Tulsa,OK
878,Mark,Torres,11/5/2007,107-23-5186,24309 Anzinger Alley,15279,Pittsburgh,PA
879,Christine,Smith,11/14/2011,192-33-6004,16 Steensland Way,33233,Miami,FL
880,Emily,Cox,12/9/1922,421-71-8533,8 Washington Hill,23242,Richmond,VA
881,Kevin,Hughes,1/3/1925,527-05-5570,248 Anniversary Hill,34615,Clearwater,FL
882,Howard,Cooper,10/11/2006,673-70-1956,263 Roxbury Circle,34665,Pinellas Park,FL
883,Billy,Walker,6/4/1986,856-88-8252,9 Warbler Plaza,30022,Alpharetta,GA
884,Antonio,Thomas,5/28/2003,564-09-6759,99259 Hallows Lane,10557,Mount Vernon,NY
885,Christina,Arnold,12/18/1927,724-90-9858,97 Corry Street,76210,Denton,TX
886,Margaret,Garrett,10/20/1992,211-37-2264,76 Bashford Way,79999,El Paso,TX
887,Russell,Fowler,5/14/1955,946-47-0606,327 6th Junction,20540,Washington,DC
888,Richard,Sims,7/1/1940,634-72-3442,2 Grim Alley,55402,Minneapolis,MN
889,Philip,Wells,6/13/1962,988-51-4798,3325 Forest Run Trail,92115,San Diego,CA
890,Sandra,Stone,4/26/1931,467-50-3362,3476 Hoffman Place,84199,Salt Lake City,UT
891,Chris,Morgan,4/24/2014,317-06-7298,3545 Burrows Hill,46857,Fort Wayne,IN
892,Deborah,Kennedy,8/6/1983,569-62-3979,340 Shopko Junction,45432,Dayton,OH
893,Charles,Flores,2/15/2010,736-61-7578,95 Annamark Point,60652,Chicago,IL
894,Sandra,Reed,8/15/2008,848-26-7768,8 Manley Drive,33261,Miami,FL
895,William,Payne,6/11/1966,287-94-3688,3 Autumn Leaf Road,12232,Albany,NY
896,Wayne,Wood,3/24/1967,913-64-4730,1556 Westerfield Way,33758,Clearwater,FL
897,Ryan,Powell,11/23/1918,539-83-4215,196 Nobel Drive,33543,Zephyrhills,FL
898,Janice,Simmons,4/3/1990,711-58-4621,063 Bluejay Pass,85035,Phoenix,AZ
899,Emily,Chavez,2/28/1979,258-61-3209,51829 Luster Pass,31904,Columbus,GA
900,Teresa,Dunn,1/8/2011,865-96-4308,30245 Logan Plaza,95838,Sacramento,CA
901,Bobby,Hughes,8/6/1921,747-36-7561,5073 Northwestern Crossing,22036,Fairfax,VA
902,Randy,Rodriguez,7/16/2002,402-14-8524,70 Havey Terrace,20189,Dulles,VA
903,Thomas,Garrett,2/26/2015,486-44-2612,2956 Kedzie Crossing,60614,Chicago,IL
904,Martha,Grant,6/28/1981,862-15-7646,3 Ilene Way,77040,Houston,TX
905,Gerald,Garrett,12/15/1985,268-76-2884,835 Artisan Court,62764,Springfield,IL
906,Sandra,Ramos,3/23/1979,942-87-7730,1 Dakota Way,55811,Duluth,MN
907,Kathryn,Franklin,9/13/1975,391-86-2836,1120 Hollow Ridge Drive,20205,Washington,DC
908,Jason,Grant,6/8/2000,847-27-3797,8159 Anzinger Hill,29905,Beaufort,SC
909,Amanda,Rose,7/6/2005,247-16-5706,25966 Evergreen Park,63143,Saint Louis,MO
910,David,Ford,5/30/1966,394-01-7308,2 Northview Alley,57105,Sioux Falls,SD
911,Edward,Price,1/18/1974,246-35-6111,76276 Old Gate Street,55417,Minneapolis,MN
912,Peter,Robinson,5/7/1931,371-98-9812,07 Wayridge Point,32314,Tallahassee,FL
913,Kevin,Hernandez,7/31/1952,331-18-8520,59577 Schiller Lane,55557,Young America,MN
914,Todd,Ryan,12/28/1977,454-39-6633,1 Kingsford Junction,34135,Bonita Springs,FL
915,John,Ramos,1/4/1972,729-78-2309,30745 Menomonie Lane,66215,Shawnee Mission,KS
916,Lori,Myers,6/30/1952,984-33-2619,51 Blackbird Hill,08638,Trenton,NJ
917,Janice,Torres,10/2/1974,418-14-1359,939 Pawling Avenue,77281,Houston,TX
918,Eugene,Perry,8/13/1964,325-12-1650,7617 Valley Edge Pass,75246,Dallas,TX
919,Philip,Carr,10/7/1921,192-17-1259,7 Kennedy Plaza,20784,Hyattsville,MD
920,Steve,Mccoy,6/28/1973,736-65-1380,39674 Anthes Street,20557,Washington,DC
921,Paula,Brooks,9/6/1964,476-17-1361,0402 Bonner Lane,21290,Baltimore,MD
922,Kathryn,Martin,6/27/1968,844-66-6251,1962 Killdeer Avenue,19146,Philadelphia,PA
923,Cynthia,Cole,3/31/1980,623-94-9848,1 Saint Paul Crossing,40298,Louisville,KY
924,Maria,Rice,9/1/2003,715-80-0368,6 Fordem Court,31210,Macon,GA
925,Raymond,Garcia,6/27/2006,878-22-9513,98648 Aberg Way,10039,New York City,NY
926,Willie,George,5/31/1995,967-43-4476,8 Northport Plaza,32314,Tallahassee,FL
927,Martha,Dean,8/7/1972,858-96-7379,50 Center Parkway,14619,Rochester,NY
928,Heather,Bennett,2/10/1923,438-12-3985,8 Lighthouse Bay Pass,33111,Miami,FL
929,Gregory,Reid,6/30/1958,916-57-5629,1767 Mendota Point,93407,San Luis Obispo,CA
930,Kenneth,Matthews,12/5/2014,202-53-7553,40 Del Mar Alley,33245,Miami,FL
931,Phyllis,Baker,4/19/1917,259-06-4829,4666 Melody Alley,33355,Fort Lauderdale,FL
932,Kathryn,Edwards,6/12/2006,846-58-1330,4 Mayer Lane,73109,Oklahoma City,OK
933,Daniel,Rogers,12/18/1927,654-03-3812,463 Reindahl Court,33064,Pompano Beach,FL
934,Billy,Lopez,12/11/1991,524-78-2689,48547 Saint Paul Terrace,34114,Naples,FL
935,George,Simmons,1/5/1998,808-97-8396,70 Sullivan Circle,92867,Orange,CA
936,Dennis,Austin,1/5/2013,991-17-6993,6 Northridge Parkway,14276,Buffalo,NY
937,Tina,Gibson,1/23/2014,575-18-6896,180 Lakewood Way,94116,San Francisco,CA
938,Donald,Romero,3/9/1999,152-10-9098,7 Loomis Park,20719,Bowie,MD
939,Samuel,Ramirez,7/23/1933,311-76-5999,95018 Manley Avenue,96810,Honolulu,HI
940,Christopher,Wells,10/3/1985,800-78-0823,24 Brentwood Avenue,59105,Billings,MT
941,Lillian,Gilbert,10/9/1984,240-29-0962,3 Anzinger Avenue,75062,Irving,TX
942,Jimmy,Johnston,4/20/1979,358-11-5800,11994 Holmberg Circle,21747,Hagerstown,MD
943,Albert,Burton,9/6/1919,270-44-5735,29594 Mallard Parkway,14624,Rochester,NY
944,Paula,Medina,10/23/1917,367-66-9493,552 Dahle Circle,46634,South Bend,IN
945,Tammy,Willis,10/31/1943,914-61-9516,2063 Myrtle Way,33605,Tampa,FL
946,Michael,Perry,1/20/1997,673-87-0323,67 Walton Center,33462,Lake Worth,FL
947,Pamela,Adams,4/24/1928,914-77-7934,1 Northfield Court,72916,Fort Smith,AR
948,Kathryn,Shaw,4/11/2002,813-98-0551,7281 Derek Plaza,30195,Duluth,GA
949,Maria,Mills,3/16/1938,764-57-5542,3 Weeping Birch Street,32868,Orlando,FL
950,Roger,Cook,8/17/1919,795-89-9481,180 Hallows Junction,10160,New York City,NY
951,Eric,King,9/23/1985,777-29-4223,087 Sullivan Crossing,45203,Cincinnati,OH
952,Heather,Castillo,7/5/2001,782-33-8249,6 Forster Lane,60624,Chicago,IL
953,Jerry,Reid,10/2/1938,959-40-0826,2186 Anthes Junction,97229,Portland,OR
954,Matthew,Willis,3/24/1960,670-11-0564,35 Starling Plaza,78255,San Antonio,TX
955,Richard,Peters,9/7/1943,554-62-8960,8534 Bonner Street,24034,Roanoke,VA
956,Louise,Walker,3/15/1922,606-98-9270,287 Golf Course Circle,64144,Kansas City,MO
957,Donna,Roberts,8/22/1944,620-73-2532,7302 Sherman Point,70033,Metairie,LA
958,William,Diaz,10/26/2001,344-20-7543,5030 Schlimgen Pass,89155,Las Vegas,NV
959,Wanda,Nichols,12/28/2006,168-74-7120,370 Caliangt Crossing,32255,Jacksonville,FL
960,Julie,Stanley,12/26/1937,725-18-1888,1 Valley Edge Terrace,30351,Atlanta,GA
961,Douglas,White,5/4/1943,532-67-4959,9640 Fulton Circle,36616,Mobile,AL
962,Norma,Ward,4/30/1922,329-02-3581,67247 Spenser Court,84125,Salt Lake City,UT
963,Ruth,Fox,3/7/1917,209-44-9781,524 Carberry Point,19184,Philadelphia,PA
964,Roy,White,6/17/1949,184-72-1905,1256 Bellgrove Pass,75205,Dallas,TX
965,Kimberly,Webb,5/30/2005,280-40-5014,881 Birchwood Junction,78703,Austin,TX
966,Victor,Elliott,11/27/1997,925-73-5073,949 Canary Trail,98411,Tacoma,WA
967,Wanda,Perkins,5/29/1925,791-20-3815,34 Morning Center,53785,Madison,WI
968,Heather,Ryan,10/10/1925,371-22-9844,46 Fair Oaks Crossing,63169,Saint Louis,MO
969,Ralph,Walker,1/12/2011,375-77-0818,16832 Express Avenue,56944,Washington,DC
970,Jane,Castillo,6/16/1992,985-04-5946,8597 Forster Way,20883,Gaithersburg,MD
971,Gary,Boyd,3/5/1955,539-49-4747,211 Holmberg Hill,45203,Cincinnati,OH
972,Mark,Ryan,11/19/2008,136-04-9118,1 Mandrake Road,12247,Albany,NY
973,Donald,Reynolds,5/20/1989,808-96-9266,172 Scofield Point,32595,Pensacola,FL
974,Julie,Jackson,4/6/1967,474-86-8325,9546 Morning Avenue,66699,Topeka,KS
975,Wayne,Henry,6/10/1982,388-29-6407,4993 Annamark Circle,17405,York,PA
976,Pamela,Harris,4/15/1933,533-93-9093,00096 Hagan Plaza,06520,New Haven,CT
977,Tina,Knight,5/2/1940,635-05-2807,4502 Butterfield Road,37250,Nashville,TN
978,Phillip,Rivera,12/7/2001,912-14-6929,9 Shasta Street,75260,Dallas,TX
979,Patrick,Mitchell,3/3/2010,900-97-5880,7165 Bashford Circle,46825,Fort Wayne,IN
980,Dorothy,Gomez,9/16/1995,881-78-9302,1 Ruskin Drive,55598,Loretto,MN
981,Robin,Davis,2/18/1953,660-58-3840,4 Scott Junction,66606,Topeka,KS
982,Judy,Rodriguez,10/3/1963,921-32-0522,284 Starling Junction,33615,Tampa,FL
983,Debra,Fuller,7/30/1991,314-01-2216,03234 Sundown Street,53790,Madison,WI
984,Nicholas,Smith,8/4/1943,223-94-3028,002 Farwell Center,88563,El Paso,TX
985,Susan,Sanders,1/9/1969,824-43-9345,722 Bayside Terrace,87121,Albuquerque,NM
986,Steve,Thompson,5/1/1929,133-41-8604,5015 Mosinee Crossing,66629,Topeka,KS
987,Joyce,Morales,4/4/1975,317-12-4181,2 Nevada Road,77025,Houston,TX
988,Edward,Hunt,9/24/1973,894-13-1106,95 Miller Street,32595,Pensacola,FL
989,Sara,Rodriguez,12/13/1993,370-45-4087,9 Service Trail,33686,Tampa,FL
990,Juan,Nguyen,2/7/1969,543-18-3450,4883 Corry Street,45264,Cincinnati,OH
991,Albert,Meyer,3/30/1975,193-51-5682,1 Hoffman Drive,20337,Washington,DC
992,Joe,Anderson,5/30/1984,270-17-4405,32 Hagan Crossing,21747,Hagerstown,MD
993,Kathy,Marshall,8/4/2002,926-12-1723,879 Helena Way,76310,Wichita Falls,TX
994,Raymond,Garza,12/29/1981,537-92-1108,10 Fremont Street,39236,Jackson,MS
995,Betty,Mills,10/26/1957,645-18-6544,003 Pierstorff Junction,33625,Tampa,FL
996,Paul,Patterson,1/25/1957,887-08-0045,85 Esch Parkway,79405,Lubbock,TX
997,Joseph,Taylor,11/18/1971,762-25-7089,02725 Carey Court,93311,Bakersfield,CA
998,Daniel,Palmer,11/5/1995,362-24-6726,62 Charing Cross Center,79405,Lubbock,TX
999,Carol,Richards,1/10/1988,653-49-0382,1 Kipling Street,40546,Lexington,KY
1000,Cynthia,Kennedy,8/26/1927,780-39-6925,04 Lotheville Place,98185,Seattle,WA
